Stadium;Location;Latitude;Longitude;Date;Event;Race;Country;Distance;Occasion;Time;TempIndoors;IceTemperature;Humidity;AirpressureSurface;AirpressureSealevel
Ritten_Arena;Collalbo;46.539044;11.454784;2025-02-07;ISU_World_Junior_Speed_Skating_Championships;500m_Women;ITA;500;start;08:30:00;3.0;-10.4;60.0;;
Ritten_Arena;Collalbo;46.539044;11.454784;2025-02-07;ISU_World_Junior_Speed_Skating_Championships;500m_Women;ITA;500;end;09:03:00;3.0;-10.4;60.0;;
Ritten_Arena;Collalbo;46.539044;11.454784;2025-02-07;ISU_World_Junior_Speed_Skating_Championships;500m_Men;ITA;500;start;09:28:00;3.0;-10.4;60.0;;
Ritten_Arena;Collalbo;46.539044;11.454784;2025-02-07;ISU_World_Junior_Speed_Skating_Championships;500m_Men;ITA;500;end;10:07:00;3.0;-10.4;60.0;;
Ritten_Arena;Collalbo;46.539044;11.454784;2025-02-07;ISU_World_Junior_Speed_Skating_Championships;1500m_Women;ITA;1500;start;10:32:00;4.0;-10.1;68.0;;
Ritten_Arena;Collalbo;46.539044;11.454784;2025-02-07;ISU_World_Junior_Speed_Skating_Championships;1500m_Women;ITA;1500;end;11:28:00;4.0;-10.1;68.0;;
Ritten_Arena;Collalbo;46.539044;11.454784;2025-02-07;ISU_World_Junior_Speed_Skating_Championships;1500m_Men;ITA;1500;start;11:47:00;4.0;-10.1;68.0;;
Ritten_Arena;Collalbo;46.539044;11.454784;2025-02-07;ISU_World_Junior_Speed_Skating_Championships;1500m_Men;ITA;1500;end;13:09:00;4.0;-10.1;68.0;;
Ritten_Arena;Collalbo;46.539044;11.454784;2025-02-08;ISU_World_Junior_Speed_Skating_Championships;1000m_Women;ITA;1000;start;09:00:00;1.5;-8.5;69.0;;
Ritten_Arena;Collalbo;46.539044;11.454784;2025-02-08;ISU_World_Junior_Speed_Skating_Championships;1000m_Women;ITA;1000;end;09:46:00;3.3;-7.2;73.0;;
Ritten_Arena;Collalbo;46.539044;11.454784;2025-02-08;ISU_World_Junior_Speed_Skating_Championships;1000m_Men;ITA;1000;start;10:10:00;3.3;-7.2;73.0;;
Ritten_Arena;Collalbo;46.539044;11.454784;2025-02-08;ISU_World_Junior_Speed_Skating_Championships;1000m_Men;ITA;1000;end;10:58:00;5.7;-6.5;69.0;;
Ritten_Arena;Collalbo;46.539044;11.454784;2025-02-08;ISU_World_Junior_Speed_Skating_Championships;3000m_Women;ITA;3000;start;11:23:00;5.7;-6.5;69.0;;
Ritten_Arena;Collalbo;46.539044;11.454784;2025-02-08;ISU_World_Junior_Speed_Skating_Championships;3000m_Women;ITA;3000;end;12:25:00;7.5;-6.8;62.0;;
Ritten_Arena;Collalbo;46.539044;11.454784;2025-02-08;ISU_World_Junior_Speed_Skating_Championships;5000m_Men;ITA;5000;start;12:44:00;7.5;-6.8;62.0;;
Ritten_Arena;Collalbo;46.539044;11.454784;2025-02-08;ISU_World_Junior_Speed_Skating_Championships;5000m_Men;ITA;5000;end;13:55:00;7.5;-6.8;62.0;;
Hamar_Olympic_Hall;Hamar;60.793162;11.101411;2025-03-13;ISU_World_Speed_Skating_Championships;3000m_Women;NOR;3000;start;17:00:00;16.6;-9.4;13.1;;
Hamar_Olympic_Hall;Hamar;60.793162;11.101411;2025-03-13;ISU_World_Speed_Skating_Championships;3000m_Women;NOR;3000;end;17:57:00;16.6;-8.9;13.7;;
Hamar_Olympic_Hall;Hamar;60.793162;11.101411;2025-03-13;ISU_World_Speed_Skating_Championships;5000m_Men;NOR;5000;start;18:11:00;16.7;-7.6;13.7;;
Hamar_Olympic_Hall;Hamar;60.793162;11.101411;2025-03-13;ISU_World_Speed_Skating_Championships;5000m_Men;NOR;5000;cleaning;18:51:00;16.5;-8.4;14.1;;
Hamar_Olympic_Hall;Hamar;60.793162;11.101411;2025-03-13;ISU_World_Speed_Skating_Championships;5000m_Men;NOR;5000;end;19:43:00;16.5;-8.0;14.3;;
Hamar_Olympic_Hall;Hamar;60.793162;11.101411;2025-03-14;ISU_World_Speed_Skating_Championships;500m_Women;NOR;500;start;19:11:00;16.1;-7.6;15.0;;
Hamar_Olympic_Hall;Hamar;60.793162;11.101411;2025-03-14;ISU_World_Speed_Skating_Championships;500m_Women;NOR;500;end;19:41:00;16.1;-8.9;15.0;;
Hamar_Olympic_Hall;Hamar;60.793162;11.101411;2025-03-14;ISU_World_Speed_Skating_Championships;500m_Men;NOR;500;start;19:55:00;16.1;-8.9;15.0;;
Hamar_Olympic_Hall;Hamar;60.793162;11.101411;2025-03-14;ISU_World_Speed_Skating_Championships;500m_Men;NOR;500;end;20:22:00;16.1;-8.5;15.1;;
Hamar_Olympic_Hall;Hamar;60.793162;11.101411;2025-03-15;ISU_World_Speed_Skating_Championships;1000m_Women;NOR;1000;start;13:00:00;15.9;-8.3;14.6;;
Hamar_Olympic_Hall;Hamar;60.793162;11.101411;2025-03-15;ISU_World_Speed_Skating_Championships;1000m_Women;NOR;1000;end;13:33:00;16.0;-9.2;15.1;;
Hamar_Olympic_Hall;Hamar;60.793162;11.101411;2025-03-15;ISU_World_Speed_Skating_Championships;1000m_Men;NOR;1000;start;13:45:00;16.0;-7.7;15.3;;
Hamar_Olympic_Hall;Hamar;60.793162;11.101411;2025-03-15;ISU_World_Speed_Skating_Championships;1000m_Men;NOR;1000;end;14:17:00;16.0;-8.6;15.5;;
Hamar_Olympic_Hall;Hamar;60.793162;11.101411;2025-03-15;ISU_World_Speed_Skating_Championships;5000m_Women;NOR;5000;start;14:37:00;16.1;-7.9;15.7;;
Hamar_Olympic_Hall;Hamar;60.793162;11.101411;2025-03-15;ISU_World_Speed_Skating_Championships;5000m_Women;NOR;5000;end;15:31:00;16.0;-8.8;16.0;;
Hamar_Olympic_Hall;Hamar;60.793162;11.101411;2025-03-16;ISU_World_Speed_Skating_Championships;1500m_Men;NOR;1500;start;11:00:00;15.8;-8.3;13.2;;
Hamar_Olympic_Hall;Hamar;60.793162;11.101411;2025-03-16;ISU_World_Speed_Skating_Championships;1500m_Men;NOR;1500;end;11:40:00;16.1;-9.1;13.2;;
Hamar_Olympic_Hall;Hamar;60.793162;11.101411;2025-03-16;ISU_World_Speed_Skating_Championships;1500m_Women;NOR;1500;start;11:56:00;16.3;-8.0;13.0;;
Hamar_Olympic_Hall;Hamar;60.793162;11.101411;2025-03-16;ISU_World_Speed_Skating_Championships;1500m_Women;NOR;1500;end;12:37:00;15.9;-8.8;12.9;;
Hamar_Olympic_Hall;Hamar;60.793162;11.101411;2025-03-16;ISU_World_Speed_Skating_Championships;10000m_Men;NOR;10000;start;12:55:00;16.1;-7.9;12.6;;
Hamar_Olympic_Hall;Hamar;60.793162;11.101411;2025-03-16;ISU_World_Speed_Skating_Championships;10000m_Men;NOR;10000;cleaning;13:38:00;15.9;-8.7;12.6;;
Hamar_Olympic_Hall;Hamar;60.793162;11.101411;2025-03-16;ISU_World_Speed_Skating_Championships;10000m_Men;NOR;10000;end;14:36:00;15.9;-8.6;12.6;;
Thialf;Heerenveen;52.938399;5.942384;2025-02-28;ISU_World_Cup_Speed_Skating_#6;1st_500m_Women_Division_B;NED;500;start;13:12:00;13.9;-9.5;44.0;;
Thialf;Heerenveen;52.938399;5.942384;2025-02-28;ISU_World_Cup_Speed_Skating_#6;1st_500m_Women_Division_B;NED;500;end;13:30:00;13.9;-9.5;44.0;;
Thialf;Heerenveen;52.938399;5.942384;2025-02-28;ISU_World_Cup_Speed_Skating_#6;1st_500m_Men_Division_B;NED;500;start;13:45:00;14.0;-9.5;44.2;;
Thialf;Heerenveen;52.938399;5.942384;2025-02-28;ISU_World_Cup_Speed_Skating_#6;1st_500m_Men_Division_B;NED;500;end;14:13:00;14.0;-9.5;44.2;;
Thialf;Heerenveen;52.938399;5.942384;2025-02-28;ISU_World_Cup_Speed_Skating_#6;1500m_Women_Division_B;NED;1500;start;14:32:00;14.0;-9.5;44.2;;
Thialf;Heerenveen;52.938399;5.942384;2025-02-28;ISU_World_Cup_Speed_Skating_#6;1500m_Women_Division_B;NED;1500;end;15:04:00;14.0;-9.5;44.2;;
Thialf;Heerenveen;52.938399;5.942384;2025-02-28;ISU_World_Cup_Speed_Skating_#6;1500m_Men_Division_B;NED;1500;start;15:21:00;12.8;-9.5;43.9;;
Thialf;Heerenveen;52.938399;5.942384;2025-02-28;ISU_World_Cup_Speed_Skating_#6;1500m_Men_Division_B;NED;1500;end;16:02:00;12.8;-9.5;43.9;;
Thialf;Heerenveen;52.938399;5.942384;2025-02-28;ISU_World_Cup_Speed_Skating_#6;1st_500m_Women;NED;500;start;18:00:00;12.8;-9.5;43.9;;
Thialf;Heerenveen;52.938399;5.942384;2025-02-28;ISU_World_Cup_Speed_Skating_#6;1st_500m_Women;NED;500;end;18:22:00;12.8;-9.5;43.9;;
Thialf;Heerenveen;52.938399;5.942384;2025-02-28;ISU_World_Cup_Speed_Skating_#6;1st_500m_Men;NED;500;start;18:28:00;12.8;-9.5;43.9;;
Thialf;Heerenveen;52.938399;5.942384;2025-02-28;ISU_World_Cup_Speed_Skating_#6;1st_500m_Men;NED;500;end;18:48:00;13.0;-9.5;44.2;;
Thialf;Heerenveen;52.938399;5.942384;2025-02-28;ISU_World_Cup_Speed_Skating_#6;1500m_Women;NED;1500;start;19:11:00;13.0;-9.5;44.2;;
Thialf;Heerenveen;52.938399;5.942384;2025-02-28;ISU_World_Cup_Speed_Skating_#6;1500m_Women;NED;1500;end;19:45:00;13.3;-9.5;44.5;;
Thialf;Heerenveen;52.938399;5.942384;2025-02-28;ISU_World_Cup_Speed_Skating_#6;1500m_Men;NED;1500;start;19:53:00;13.3;-9.5;44.5;;
Thialf;Heerenveen;52.938399;5.942384;2025-02-28;ISU_World_Cup_Speed_Skating_#6;1500m_Men;NED;1500;end;20:23:00;13.7;-9.5;44.7;;
Thialf;Heerenveen;52.938399;5.942384;2025-03-01;ISU_World_Cup_Speed_Skating_#6;1000m_Women_Division_B;NED;1000;start;08:10:00;12.8;-9.5;43.9;;
Thialf;Heerenveen;52.938399;5.942384;2025-03-01;ISU_World_Cup_Speed_Skating_#6;1000m_Women_Division_B;NED;1000;end;08:38:00;12.8;-9.5;43.9;;
Thialf;Heerenveen;52.938399;5.942384;2025-03-01;ISU_World_Cup_Speed_Skating_#6;1000m_Men_Division_B;NED;1000;start;08:51:00;12.8;-9.5;43.9;;
Thialf;Heerenveen;52.938399;5.942384;2025-03-01;ISU_World_Cup_Speed_Skating_#6;1000m_Men_Division_B;NED;1000;end;09:26:00;12.9;-9.5;44.0;;
Thialf;Heerenveen;52.938399;5.942384;2025-03-01;ISU_World_Cup_Speed_Skating_#6;3000m_Women_Division_B;NED;3000;start;09:44:00;12.9;-9.5;44.0;;
Thialf;Heerenveen;52.938399;5.942384;2025-03-01;ISU_World_Cup_Speed_Skating_#6;3000m_Women_Division_B;NED;3000;end;10:28:00;13.0;-9.5;44.1;;
Thialf;Heerenveen;52.938399;5.942384;2025-03-01;ISU_World_Cup_Speed_Skating_#6;5000m_Men_Division_B;NED;5000;start;10:41:00;13.0;-9.5;44.1;;
Thialf;Heerenveen;52.938399;5.942384;2025-03-01;ISU_World_Cup_Speed_Skating_#6;5000m_Men_Division_B;NED;5000;end;11:44:00;13.2;-9.5;44.2;;
Thialf;Heerenveen;52.938399;5.942384;2025-03-01;ISU_World_Cup_Speed_Skating_#6;1000m_Women;NED;1000;start;13:05:00;13.1;-9.5;43.5;;
Thialf;Heerenveen;52.938399;5.942384;2025-03-01;ISU_World_Cup_Speed_Skating_#6;1000m_Women;NED;1000;end;13:31:00;13.4;-9.5;44.1;;
Thialf;Heerenveen;52.938399;5.942384;2025-03-01;ISU_World_Cup_Speed_Skating_#6;1000m_Men;NED;1000;start;13:38:00;13.4;-9.5;44.1;;
Thialf;Heerenveen;52.938399;5.942384;2025-03-01;ISU_World_Cup_Speed_Skating_#6;1000m_Men;NED;1000;end;14:06:00;13.9;-9.5;45.0;;
Thialf;Heerenveen;52.938399;5.942384;2025-03-01;ISU_World_Cup_Speed_Skating_#6;3000m_Women;NED;3000;start;14:37:00;14.0;-9.5;45.4;;
Thialf;Heerenveen;52.938399;5.942384;2025-03-01;ISU_World_Cup_Speed_Skating_#6;3000m_Women;NED;3000;end;15:25:00;14.4;-9.5;45.9;;
Thialf;Heerenveen;52.938399;5.942384;2025-03-01;ISU_World_Cup_Speed_Skating_#6;5000m_Men;NED;5000;start;15:42:00;14.4;-9.5;45.9;;
Thialf;Heerenveen;52.938399;5.942384;2025-03-01;ISU_World_Cup_Speed_Skating_#6;5000m_Men;NED;5000;end;16:43:00;15.1;-9.5;47.2;;
Thialf;Heerenveen;52.938399;5.942384;2025-03-02;ISU_World_Cup_Speed_Skating_#6;2nd_500m_Women_Division_B;NED;500;start;09:14:00;12.9;-9.5;43.1;;
Thialf;Heerenveen;52.938399;5.942384;2025-03-02;ISU_World_Cup_Speed_Skating_#6;2nd_500m_Women_Division_B;NED;500;end;09:38:00;12.9;-9.5;43.1;;
Thialf;Heerenveen;52.938399;5.942384;2025-03-02;ISU_World_Cup_Speed_Skating_#6;2nd_500m_Men_Division_B;NED;500;start;09:50:00;13.0;-9.5;43.3;;
Thialf;Heerenveen;52.938399;5.942384;2025-03-02;ISU_World_Cup_Speed_Skating_#6;2nd_500m_Men_Division_B;NED;500;end;10:13:00;13.0;-9.5;43.3;;
Thialf;Heerenveen;52.938399;5.942384;2025-03-02;ISU_World_Cup_Speed_Skating_#6;2nd_500m_Women;NED;500;start;13:50:00;12.9;-9.5;43.6;;
Thialf;Heerenveen;52.938399;5.942384;2025-03-02;ISU_World_Cup_Speed_Skating_#6;2nd_500m_Women;NED;500;end;14:13:00;13.2;-9.5;44.1;;
Thialf;Heerenveen;52.938399;5.942384;2025-03-02;ISU_World_Cup_Speed_Skating_#6;2nd_500m_Men;NED;500;start;14:15:00;13.2;-9.5;44.1;;
Thialf;Heerenveen;52.938399;5.942384;2025-03-02;ISU_World_Cup_Speed_Skating_#6;2nd_500m_Men;NED;500;end;14:44:00;13.7;-9.6;44.9;;
Arena_Lodowa;Tomaszów_Mazowiecki;51.519527;20.027900;2025-02-21;ISU_World_Cup_Speed_Skating_#5;1st_500m_Women_Division_B;POL;500;start;13:15:00;13.0;-7.0;26.0;;
Arena_Lodowa;Tomaszów_Mazowiecki;51.519527;20.027900;2025-02-21;ISU_World_Cup_Speed_Skating_#5;1st_500m_Women_Division_B;POL;500;end;13:39:00;13.0;-7.0;26.0;;
Arena_Lodowa;Tomaszów_Mazowiecki;51.519527;20.027900;2025-02-21;ISU_World_Cup_Speed_Skating_#5;1st_500m_Men_Division_B;POL;500;start;13:49:00;13.0;-7.0;26.0;;
Arena_Lodowa;Tomaszów_Mazowiecki;51.519527;20.027900;2025-02-21;ISU_World_Cup_Speed_Skating_#5;1st_500m_Men_Division_B;POL;500;end;14:15:00;13.0;-7.0;26.0;;
Arena_Lodowa;Tomaszów_Mazowiecki;51.519527;20.027900;2025-02-21;ISU_World_Cup_Speed_Skating_#5;1500m_Women_Division_B;POL;1500;start;14:28:00;13.4;-7.0;23.0;;
Arena_Lodowa;Tomaszów_Mazowiecki;51.519527;20.027900;2025-02-21;ISU_World_Cup_Speed_Skating_#5;1500m_Women_Division_B;POL;1500;end;15:05:00;13.4;-7.0;23.0;;
Arena_Lodowa;Tomaszów_Mazowiecki;51.519527;20.027900;2025-02-21;ISU_World_Cup_Speed_Skating_#5;1500m_Men_Division_B;POL;1500;start;15:20:00;13.2;-6.3;25.0;;
Arena_Lodowa;Tomaszów_Mazowiecki;51.519527;20.027900;2025-02-21;ISU_World_Cup_Speed_Skating_#5;1500m_Men_Division_B;POL;1500;end;16:08:00;12.7;-6.3;25.0;;
Arena_Lodowa;Tomaszów_Mazowiecki;51.519527;20.027900;2025-02-21;ISU_World_Cup_Speed_Skating_#5;1st_500m_Women;POL;500;start;17:30:00;12.6;-6.0;27.0;;
Arena_Lodowa;Tomaszów_Mazowiecki;51.519527;20.027900;2025-02-21;ISU_World_Cup_Speed_Skating_#5;1st_500m_Women;POL;500;end;17:50:00;12.9;-6.5;27.0;;
Arena_Lodowa;Tomaszów_Mazowiecki;51.519527;20.027900;2025-02-21;ISU_World_Cup_Speed_Skating_#5;1st_500m_Men;POL;500;start;17:58:00;12.9;-6.5;27.0;;
Arena_Lodowa;Tomaszów_Mazowiecki;51.519527;20.027900;2025-02-21;ISU_World_Cup_Speed_Skating_#5;1st_500m_Men;POL;500;end;18:17:00;13.1;-6.5;27.0;;
Arena_Lodowa;Tomaszów_Mazowiecki;51.519527;20.027900;2025-02-21;ISU_World_Cup_Speed_Skating_#5;1500m_Women;POL;1500;start;18:37:00;13.3;-6.0;27.0;;
Arena_Lodowa;Tomaszów_Mazowiecki;51.519527;20.027900;2025-02-21;ISU_World_Cup_Speed_Skating_#5;1500m_Women;POL;1500;end;19:09:00;13.2;-6.0;27.0;;
Arena_Lodowa;Tomaszów_Mazowiecki;51.519527;20.027900;2025-02-21;ISU_World_Cup_Speed_Skating_#5;1500m_Men;POL;1500;start;19:17:00;13.2;-6.0;27.0;;
Arena_Lodowa;Tomaszów_Mazowiecki;51.519527;20.027900;2025-02-21;ISU_World_Cup_Speed_Skating_#5;1500m_Men;POL;1500;end;19:48:00;12.9;-6.5;27.0;;
Arena_Lodowa;Tomaszów_Mazowiecki;51.519527;20.027900;2025-02-22;ISU_World_Cup_Speed_Skating_#5;3000m_Women_Division_B;POL;3000;start;08:35:00;11.9;-6.5;25.0;;
Arena_Lodowa;Tomaszów_Mazowiecki;51.519527;20.027900;2025-02-22;ISU_World_Cup_Speed_Skating_#5;3000m_Women_Division_B;POL;3000;end;09:21:00;12.5;-6.5;25.0;;
Arena_Lodowa;Tomaszów_Mazowiecki;51.519527;20.027900;2025-02-22;ISU_World_Cup_Speed_Skating_#5;5000m_Men_Division_B;POL;5000;start;09:35:00;12.5;-6.5;25.0;;
Arena_Lodowa;Tomaszów_Mazowiecki;51.519527;20.027900;2025-02-22;ISU_World_Cup_Speed_Skating_#5;5000m_Men_Division_B;POL;5000;end;10:39:00;13.0;-6.5;25.0;;
Arena_Lodowa;Tomaszów_Mazowiecki;51.519527;20.027900;2025-02-22;ISU_World_Cup_Speed_Skating_#5;1000m_Women_Division_B;POL;1000;start;10:51:00;13.1;-6.5;25.0;;
Arena_Lodowa;Tomaszów_Mazowiecki;51.519527;20.027900;2025-02-22;ISU_World_Cup_Speed_Skating_#5;1000m_Women_Division_B;POL;1000;end;11:27:00;13.0;-6.5;25.0;;
Arena_Lodowa;Tomaszów_Mazowiecki;51.519527;20.027900;2025-02-22;ISU_World_Cup_Speed_Skating_#5;1000m_Men_Division_B;POL;1000;start;11:40:00;13.0;-6.5;25.0;;
Arena_Lodowa;Tomaszów_Mazowiecki;51.519527;20.027900;2025-02-22;ISU_World_Cup_Speed_Skating_#5;1000m_Men_Division_B;POL;1000;end;12:16:00;13.0;-6.5;25.0;;
Arena_Lodowa;Tomaszów_Mazowiecki;51.519527;20.027900;2025-02-22;ISU_World_Cup_Speed_Skating_#5;3000m_Women;POL;3000;start;13:30:00;12.9;-6.0;25.0;;
Arena_Lodowa;Tomaszów_Mazowiecki;51.519527;20.027900;2025-02-22;ISU_World_Cup_Speed_Skating_#5;3000m_Women;POL;3000;end;14:11:00;12.9;-6.0;25.0;;
Arena_Lodowa;Tomaszów_Mazowiecki;51.519527;20.027900;2025-02-22;ISU_World_Cup_Speed_Skating_#5;5000m_Men;POL;5000;start;14:30:00;13.3;-6.0;25.0;;
Arena_Lodowa;Tomaszów_Mazowiecki;51.519527;20.027900;2025-02-22;ISU_World_Cup_Speed_Skating_#5;5000m_Men;POL;5000;end;15:32:00;13.5;-6.0;25.0;;
Arena_Lodowa;Tomaszów_Mazowiecki;51.519527;20.027900;2025-02-22;ISU_World_Cup_Speed_Skating_#5;1000m_Women;POL;1000;start;15:48:00;13.6;-6.0;25.0;;
Arena_Lodowa;Tomaszów_Mazowiecki;51.519527;20.027900;2025-02-22;ISU_World_Cup_Speed_Skating_#5;1000m_Women;POL;1000;end;16:14:00;13.7;-6.0;25.0;;
Arena_Lodowa;Tomaszów_Mazowiecki;51.519527;20.027900;2025-02-22;ISU_World_Cup_Speed_Skating_#5;1000m_Men;POL;1000;start;16:20:00;13.7;-6.0;25.0;;
Arena_Lodowa;Tomaszów_Mazowiecki;51.519527;20.027900;2025-02-22;ISU_World_Cup_Speed_Skating_#5;1000m_Men;POL;1000;end;16:44:00;13.7;-6.0;25.0;;
Arena_Lodowa;Tomaszów_Mazowiecki;51.519527;20.027900;2025-02-23;ISU_World_Cup_Speed_Skating_#5;2nd_500m_Women_Division_B;POL;500;start;10:20:00;12.1;-6.0;25.0;;
Arena_Lodowa;Tomaszów_Mazowiecki;51.519527;20.027900;2025-02-23;ISU_World_Cup_Speed_Skating_#5;2nd_500m_Women_Division_B;POL;500;end;10:41:00;12.5;-7.0;25.0;;
Arena_Lodowa;Tomaszów_Mazowiecki;51.519527;20.027900;2025-02-23;ISU_World_Cup_Speed_Skating_#5;2nd_500m_Men_Division_B;POL;500;start;11:02:00;12.7;-7.0;25.0;;
Arena_Lodowa;Tomaszów_Mazowiecki;51.519527;20.027900;2025-02-23;ISU_World_Cup_Speed_Skating_#5;2nd_500m_Men_Division_B;POL;500;end;11:27:00;12.9;-7.0;25.0;;
Arena_Lodowa;Tomaszów_Mazowiecki;51.519527;20.027900;2025-02-23;ISU_World_Cup_Speed_Skating_#5;2nd_500m_Women;POL;500;start;13:30:00;12.1;-7.0;26.0;;
Arena_Lodowa;Tomaszów_Mazowiecki;51.519527;20.027900;2025-02-23;ISU_World_Cup_Speed_Skating_#5;2nd_500m_Women;POL;500;end;13:48:00;12.5;-7.0;26.0;;
Arena_Lodowa;Tomaszów_Mazowiecki;51.519527;20.027900;2025-02-23;ISU_World_Cup_Speed_Skating_#5;2nd_500m_Men;POL;500;start;13:58:00;12.6;-7.0;26.0;;
Arena_Lodowa;Tomaszów_Mazowiecki;51.519527;20.027900;2025-02-23;ISU_World_Cup_Speed_Skating_#5;2nd_500m_Men;POL;500;end;14:19:00;12.6;-7.0;26.0;;
Ritten_Arena;Collalbo;46.539044;11.454784;2025-02-01;ISU_Junior_World_Cup_Speed_Skating_#3;1000m_Women_Juniors;ITA;1000;start;08:30:00;1.0;-11.0;40.0;;
Ritten_Arena;Collalbo;46.539044;11.454784;2025-02-01;ISU_Junior_World_Cup_Speed_Skating_#3;1000m_Women_Neo-seniors;ITA;1000;start;09:05:00;1.0;-11.0;40.0;;
Ritten_Arena;Collalbo;46.539044;11.454784;2025-02-01;ISU_Junior_World_Cup_Speed_Skating_#3;1000m_Men_Juniors;ITA;1000;start;09:38:00;1.0;-11.0;40.0;;
Ritten_Arena;Collalbo;46.539044;11.454784;2025-02-01;ISU_Junior_World_Cup_Speed_Skating_#3;1000m_Men_Neo-seniors;ITA;1000;start;10:44:00;1.0;-11.0;40.0;;
Ritten_Arena;Collalbo;46.539044;11.454784;2025-02-01;ISU_Junior_World_Cup_Speed_Skating_#3;3000m_Women_Juniors;ITA;3000;start;10:45:00;3.0;-6.2;90.0;;
Ritten_Arena;Collalbo;46.539044;11.454784;2025-02-01;ISU_Junior_World_Cup_Speed_Skating_#3;3000m_Women_Neo-seniors;ITA;3000;start;11:29:00;1.0;-11.0;40.0;;
Ritten_Arena;Collalbo;46.539044;11.454784;2025-02-01;ISU_Junior_World_Cup_Speed_Skating_#3;3000m_Men_Juniors;ITA;3000;start;11:54:00;1.0;-11.0;40.0;;
Ritten_Arena;Collalbo;46.539044;11.454784;2025-02-01;ISU_Junior_World_Cup_Speed_Skating_#3;3000m_Men_Neo-seniors;ITA;3000;start;12:30:00;3.0;-6.2;90.0;;
Ritten_Arena;Collalbo;46.539044;11.454784;2025-02-02;ISU_Junior_World_Cup_Speed_Skating_#3;500m_Women_Juniors;ITA;500;start;09:16:00;-25.0;-9.3;75.0;;
Ritten_Arena;Collalbo;46.539044;11.454784;2025-02-02;ISU_Junior_World_Cup_Speed_Skating_#3;500m_Women_Neo-seniors;ITA;500;start;09:53:00;-25.0;-9.3;75.0;;
Ritten_Arena;Collalbo;46.539044;11.454784;2025-02-02;ISU_Junior_World_Cup_Speed_Skating_#3;500m_Men_Juniors;ITA;500;start;10:16:00;9.0;-9.3;75.0;;
Ritten_Arena;Collalbo;46.539044;11.454784;2025-02-02;ISU_Junior_World_Cup_Speed_Skating_#3;500m_Men_Neo-seniors;ITA;500;start;10:55:00;9.0;-9.3;75.0;;
Ritten_Arena;Collalbo;46.539044;11.454784;2025-02-02;ISU_Junior_World_Cup_Speed_Skating_#3;1500m_Women_Juniors;ITA;1500;start;11:28:00;9.0;-9.3;75.0;;
Ritten_Arena;Collalbo;46.539044;11.454784;2025-02-02;ISU_Junior_World_Cup_Speed_Skating_#3;1500m_Men_Juniors;ITA;1500;start;12:31:00;4.7;-8.0;83.0;;
Ritten_Arena;Collalbo;46.539044;11.454784;2025-02-02;ISU_Junior_World_Cup_Speed_Skating_#3;1500m_Women_Neo-seniors;ITA;1500;start;12:05:00;4.7;-8.0;83.0;;
Ritten_Arena;Collalbo;46.539044;11.454784;2025-02-02;ISU_Junior_World_Cup_Speed_Skating_#3;1500m_Men_Neo-seniors;ITA;1500;start;13:20:00;4.7;-8.0;83.0;;
Pettit_National_Ice_Center;Milwaukee;43.025675;-88.015711;2025-01-31;ISU_World_Cup_Speed_Skating_#4;3000m_Women_Division_B;USA;3000;start;18:13:00;14.5;-8.0;28.0;;
Pettit_National_Ice_Center;Milwaukee;43.025675;-88.015711;2025-01-31;ISU_World_Cup_Speed_Skating_#4;3000m_Women_Division_B;USA;3000;end;18:51:00;14.3;-7.9;28.0;;
Pettit_National_Ice_Center;Milwaukee;43.025675;-88.015711;2025-01-31;ISU_World_Cup_Speed_Skating_#4;5000m_Men_Division_B;USA;5000;start;19:03:00;14.5;-8.0;28.0;;
Pettit_National_Ice_Center;Milwaukee;43.025675;-88.015711;2025-01-31;ISU_World_Cup_Speed_Skating_#4;5000m_Men_Division_B;USA;5000;end;20:07:00;14.5;-7.5;29.0;;
Pettit_National_Ice_Center;Milwaukee;43.025675;-88.015711;2025-01-31;ISU_World_Cup_Speed_Skating_#4;1000m_Women_Division_B;USA;1000;start;20:23:00;14.5;-7.6;29.0;;
Pettit_National_Ice_Center;Milwaukee;43.025675;-88.015711;2025-01-31;ISU_World_Cup_Speed_Skating_#4;1000m_Women_Division_B;USA;1000;end;20:51:00;14.1;-7.1;29.0;;
Pettit_National_Ice_Center;Milwaukee;43.025675;-88.015711;2025-01-31;ISU_World_Cup_Speed_Skating_#4;1000m_Men_Division_B;USA;1000;start;21:03:00;14.0;-7.3;28.0;;
Pettit_National_Ice_Center;Milwaukee;43.025675;-88.015711;2025-01-31;ISU_World_Cup_Speed_Skating_#4;1000m_Men_Division_B;USA;1000;end;21:40:00;14.0;-7.2;28.0;;
Pettit_National_Ice_Center;Milwaukee;43.025675;-88.015711;2025-01-31;ISU_World_Cup_Speed_Skating_#4;3000m_Women;USA;3000;start;23:00:00;14.0;-7.2;29.0;;
Pettit_National_Ice_Center;Milwaukee;43.025675;-88.015711;2025-01-31;ISU_World_Cup_Speed_Skating_#4;5000m_Men;USA;5000;start;23:56:00;14.0;-7.2;29.0;;
Pettit_National_Ice_Center;Milwaukee;43.025675;-88.015711;2025-02-01;ISU_World_Cup_Speed_Skating_#4;5000m_Men;USA;5000;end;00:58:00;14.8;-8.0;29.0;;
Pettit_National_Ice_Center;Milwaukee;43.025675;-88.015711;2025-02-01;ISU_World_Cup_Speed_Skating_#4;1000m_Women;USA;1000;start;01:14:00;14.9;-7.6;31.0;;
Pettit_National_Ice_Center;Milwaukee;43.025675;-88.015711;2025-02-01;ISU_World_Cup_Speed_Skating_#4;1000m_Women;USA;1000;end;01:41:00;14.9;-7.6;31.0;;
Pettit_National_Ice_Center;Milwaukee;43.025675;-88.015711;2025-02-01;ISU_World_Cup_Speed_Skating_#4;1000m_Men;USA;1000;start;01:47:00;14.0;-7.2;29.0;;
Pettit_National_Ice_Center;Milwaukee;43.025675;-88.015711;2025-02-01;ISU_World_Cup_Speed_Skating_#4;1000m_Men;USA;1000;end;02:14:00;14.0;-7.8;29.0;;
Pettit_National_Ice_Center;Milwaukee;43.025675;-88.015711;2025-02-01;ISU_World_Cup_Speed_Skating_#4;1st_500m_Women_Division_B;USA;500;start;15:34:00;13.8;-8.1;27.0;;
Pettit_National_Ice_Center;Milwaukee;43.025675;-88.015711;2025-02-01;ISU_World_Cup_Speed_Skating_#4;1st_500m_Women_Division_B;USA;500;end;15:54:00;13.8;-8.2;27.0;;
Pettit_National_Ice_Center;Milwaukee;43.025675;-88.015711;2025-02-01;ISU_World_Cup_Speed_Skating_#4;1st_500m_Men_Division_B;USA;500;start;16:02:00;13.8;-8.2;27.0;;
Pettit_National_Ice_Center;Milwaukee;43.025675;-88.015711;2025-02-01;ISU_World_Cup_Speed_Skating_#4;1st_500m_Men_Division_B;USA;500;end;16:17:00;13.8;-8.2;27.0;;
Pettit_National_Ice_Center;Milwaukee;43.025675;-88.015711;2025-02-01;ISU_World_Cup_Speed_Skating_#4;1500m_Women_Division_B;USA;1500;start;16:37:00;13.9;-8.3;27.0;;
Pettit_National_Ice_Center;Milwaukee;43.025675;-88.015711;2025-02-01;ISU_World_Cup_Speed_Skating_#4;1500m_Women_Division_B;USA;1500;end;17:10:00;13.8;-8.2;27.0;;
Pettit_National_Ice_Center;Milwaukee;43.025675;-88.015711;2025-02-01;ISU_World_Cup_Speed_Skating_#4;1500m_Men_Division_B;USA;1500;start;17:25:00;13.8;-8.0;27.0;;
Pettit_National_Ice_Center;Milwaukee;43.025675;-88.015711;2025-02-01;ISU_World_Cup_Speed_Skating_#4;1500m_Men_Division_B;USA;1500;end;18:15:00;14.1;-7.9;29.0;;
Pettit_National_Ice_Center;Milwaukee;43.025675;-88.015711;2025-02-01;ISU_World_Cup_Speed_Skating_#4;1st_500m_Women;USA;500;start;19:30:00;15.0;-8.2;28.0;;
Pettit_National_Ice_Center;Milwaukee;43.025675;-88.015711;2025-02-01;ISU_World_Cup_Speed_Skating_#4;1st_500m_Women;USA;500;end;19:53:00;14.8;-8.3;29.0;;
Pettit_National_Ice_Center;Milwaukee;43.025675;-88.015711;2025-02-01;ISU_World_Cup_Speed_Skating_#4;1st_500m_Men;USA;500;start;19:58:00;14.8;-8.3;29.0;;
Pettit_National_Ice_Center;Milwaukee;43.025675;-88.015711;2025-02-01;ISU_World_Cup_Speed_Skating_#4;1500m_Women;USA;1500;start;20:37:00;15.1;-7.7;29.0;;
Pettit_National_Ice_Center;Milwaukee;43.025675;-88.015711;2025-02-01;ISU_World_Cup_Speed_Skating_#4;1500m_Women;USA;1500;end;21:12:00;15.3;-7.9;29.0;;
Pettit_National_Ice_Center;Milwaukee;43.025675;-88.015711;2025-02-01;ISU_World_Cup_Speed_Skating_#4;1500m_Men;USA;1500;start;21:17:00;15.3;-7.9;29.0;;
Pettit_National_Ice_Center;Milwaukee;43.025675;-88.015711;2025-02-01;ISU_World_Cup_Speed_Skating_#4;1500m_Men;USA;1500;end;21:51:00;15.2;-8.1;30.0;;
Pettit_National_Ice_Center;Milwaukee;43.025675;-88.015711;2025-02-02;ISU_World_Cup_Speed_Skating_#4;2nd_500m_Women_Division_B;USA;500;start;16:43:00;13.9;-7.5;28.0;;
Pettit_National_Ice_Center;Milwaukee;43.025675;-88.015711;2025-02-02;ISU_World_Cup_Speed_Skating_#4;2nd_500m_Women_Division_B;USA;500;end;17:01:00;13.9;-7.5;28.0;;
Pettit_National_Ice_Center;Milwaukee;43.025675;-88.015711;2025-02-02;ISU_World_Cup_Speed_Skating_#4;2nd_500m_Men_Division_B;USA;500;start;17:08:00;13.9;-7.8;28.0;;
Pettit_National_Ice_Center;Milwaukee;43.025675;-88.015711;2025-02-02;ISU_World_Cup_Speed_Skating_#4;2nd_500m_Men_Division_B;USA;500;end;17:28:00;14.0;-8.0;29.0;;
Pettit_National_Ice_Center;Milwaukee;43.025675;-88.015711;2025-02-02;ISU_World_Cup_Speed_Skating_#4;2nd_500m_Women;USA;500;start;20:30:00;15.3;-7.3;29.0;;
Pettit_National_Ice_Center;Milwaukee;43.025675;-88.015711;2025-02-02;ISU_World_Cup_Speed_Skating_#4;2nd_500m_Men;USA;500;start;20:57:00;15.3;-7.6;29.0;;
Pettit_National_Ice_Center;Milwaukee;43.025675;-88.015711;2025-02-02;ISU_World_Cup_Speed_Skating_#4;2nd_500m_Men;USA;500;end;21:21:00;15.3;-7.6;29.0;;
Thialf;Heerenveen;52.938399;5.942384;2025-01-10;ISU_European_Speed_Skating_Championships;1st_500m_WOMEN_SPRINT;NED;500;start;18:00:00;13.9;-9.5;44.0;;
Thialf;Heerenveen;52.938399;5.942384;2025-01-10;ISU_European_Speed_Skating_Championships;1st_500m_MEN_SPRINT;NED;500;start;18:26:00;13.9;-9.5;44.0;;
Thialf;Heerenveen;52.938399;5.942384;2025-01-10;ISU_European_Speed_Skating_Championships;1st_500m_MEN_SPRINT;NED;500;end;18:45:00;14.1;-9.5;45.0;;
Thialf;Heerenveen;52.938399;5.942384;2025-01-10;ISU_European_Speed_Skating_Championships;1st_1000m_WOMEN_SPRINT;NED;1000;start;19:05:00;14.2;-9.5;45.0;;
Thialf;Heerenveen;52.938399;5.942384;2025-01-10;ISU_European_Speed_Skating_Championships;1st_1000m_WOMEN_SPRINT;NED;1000;end;19:28:00;14.6;-9.6;45.8;;
Thialf;Heerenveen;52.938399;5.942384;2025-01-10;ISU_European_Speed_Skating_Championships;1st_1000m_MEN_SPRINT;NED;1000;start;19:50:00;14.8;-9.5;45.8;;
Thialf;Heerenveen;52.938399;5.942384;2025-01-10;ISU_European_Speed_Skating_Championships;1st_1000m_MEN_SPRINT;NED;1000;end;20:13:00;15.0;-9.5;46.1;;
Thialf;Heerenveen;52.938399;5.942384;2025-01-11;ISU_European_Speed_Skating_Championships;2nd_500m_WOMEN_SPRINT;NED;500;start;09:55:00;13.4;-9.5;45.7;;
Thialf;Heerenveen;52.938399;5.942384;2025-01-11;ISU_European_Speed_Skating_Championships;2nd_500m_WOMEN_SPRINT;NED;500;end;10:12:00;13.6;-9.5;45.8;;
Thialf;Heerenveen;52.938399;5.942384;2025-01-11;ISU_European_Speed_Skating_Championships;2nd_500m_MEN_SPRINT;NED;500;start;10:18:00;13.6;-9.5;45.8;;
Thialf;Heerenveen;52.938399;5.942384;2025-01-11;ISU_European_Speed_Skating_Championships;2nd_500m_MEN_SPRINT;NED;500;end;10:40:00;13.8;-9.5;46.0;;
Thialf;Heerenveen;52.938399;5.942384;2025-01-11;ISU_European_Speed_Skating_Championships;500m_WOMEN_ALLROUND;NED;500;start;11:01:00;13.8;-9.5;46.0;;
Thialf;Heerenveen;52.938399;5.942384;2025-01-11;ISU_European_Speed_Skating_Championships;500m_WOMEN_ALLROUND;NED;500;end;11:17:00;13.9;-9.5;46.0;;
Thialf;Heerenveen;52.938399;5.942384;2025-01-11;ISU_European_Speed_Skating_Championships;500m_MEN_ALLROUND;NED;500;start;11:27:00;13.9;-9.5;46.0;;
Thialf;Heerenveen;52.938399;5.942384;2025-01-11;ISU_European_Speed_Skating_Championships;500m_MEN_ALLROUND;NED;500;end;11:46:00;13.9;-9.5;46.1;;
Thialf;Heerenveen;52.938399;5.942384;2025-01-11;ISU_European_Speed_Skating_Championships;2nd_1000m_WOMEN_SPRINT;NED;1000;start;12:10:00;13.9;-9.5;46.1;;
Thialf;Heerenveen;52.938399;5.942384;2025-01-11;ISU_European_Speed_Skating_Championships;2nd_1000m_WOMEN_SPRINT;NED;1000;end;12:30:00;14.0;-9.5;46.1;;
Thialf;Heerenveen;52.938399;5.942384;2025-01-11;ISU_European_Speed_Skating_Championships;2nd_1000m_MEN_SPRINT;NED;1000;start;12:52:00;14.0;-9.5;46.1;;
Thialf;Heerenveen;52.938399;5.942384;2025-01-11;ISU_European_Speed_Skating_Championships;2nd_1000m_MEN_SPRINT;NED;1000;end;13:15:00;14.5;-9.5;46.8;;
Thialf;Heerenveen;52.938399;5.942384;2025-01-11;ISU_European_Speed_Skating_Championships;3000m_WOMEN_ALLROUND;NED;3000;start;13:39:00;14.7;-9.5;47.4;;
Thialf;Heerenveen;52.938399;5.942384;2025-01-11;ISU_European_Speed_Skating_Championships;3000m_WOMEN_ALLROUND;NED;3000;end;14:27:00;15.0;-9.5;47.9;;
Thialf;Heerenveen;52.938399;5.942384;2025-01-11;ISU_European_Speed_Skating_Championships;5000m_MEN_ALLROUND;NED;5000;start;14:49:00;15.3;-9.5;48.5;;
Thialf;Heerenveen;52.938399;5.942384;2025-01-11;ISU_European_Speed_Skating_Championships;5000m_MEN_ALLROUND;NED;5000;end;16:23:00;15.6;-9.5;49.7;;
Thialf;Heerenveen;52.938399;5.942384;2025-01-12;ISU_European_Speed_Skating_Championships;1500m_WOMEN_ALLROUND;NED;1500;start;12:40:00;13.8;-9.5;46.0;;
Thialf;Heerenveen;52.938399;5.942384;2025-01-12;ISU_European_Speed_Skating_Championships;1500m_WOMEN_ALLROUND;NED;1500;end;13:10:00;14.0;-9.5;46.1;;
Thialf;Heerenveen;52.938399;5.942384;2025-01-12;ISU_European_Speed_Skating_Championships;1500m_MEN_ALLROUND;NED;1500;start;13:31:00;14.8;-9.5;44.0;;
Thialf;Heerenveen;52.938399;5.942384;2025-01-12;ISU_European_Speed_Skating_Championships;1500m_MEN_ALLROUND;NED;1500;end;13:59:00;15.0;-9.5;44.5;;
Thialf;Heerenveen;52.938399;5.942384;2025-01-12;ISU_European_Speed_Skating_Championships;5000m_WOMEN_ALLROUND;NED;5000;start;14:25:00;15.0;-9.5;44.5;;
Thialf;Heerenveen;52.938399;5.942384;2025-01-12;ISU_European_Speed_Skating_Championships;5000m_WOMEN_ALLROUND;NED;5000;end;14:58:00;15.4;-9.5;45.3;;
Thialf;Heerenveen;52.938399;5.942384;2025-01-12;ISU_European_Speed_Skating_Championships;10000m_MEN_ALLROUND;NED;10000;start;15:20:00;15.3;-9.5;49.5;;
Thialf;Heerenveen;52.938399;5.942384;2025-01-12;ISU_European_Speed_Skating_Championships;10000m_MEN_ALLROUND;NED;10000;end;16:19:00;15.5;-9.5;49.8;;
Calgary_Olympic_Oval;Calgary;51.077257;114.136435;2025-01-24;ISU_World_Cup_Speed_Skating_#3;5000m_Women_Division_B;CAN;5000;start;16:39:00;17.3;-8.5;31.0;;
Calgary_Olympic_Oval;Calgary;51.077257;114.136435;2025-01-24;ISU_World_Cup_Speed_Skating_#3;5000m_Women_Division_B;CAN;5000;end;17:27:00;17.3;-8.6;30.0;;
Calgary_Olympic_Oval;Calgary;51.077257;114.136435;2025-01-24;ISU_World_Cup_Speed_Skating_#3;1500m_Men_Division_B;CAN;1500;start;18:14:00;17.1;-8.7;30.0;;
Calgary_Olympic_Oval;Calgary;51.077257;114.136435;2025-01-24;ISU_World_Cup_Speed_Skating_#3;1500m_Men_Division_B;CAN;1500;end;19:02:00;17.1;-8.7;30.0;;
Calgary_Olympic_Oval;Calgary;51.077257;114.136435;2025-01-24;ISU_World_Cup_Speed_Skating_#3;1000m_Women_Division_B;CAN;1000;start;19:31:00;17.2;-8.7;30.0;;
Calgary_Olympic_Oval;Calgary;51.077257;114.136435;2025-01-24;ISU_World_Cup_Speed_Skating_#3;1000m_Women_Division_B;CAN;1000;end;20:10:00;17.2;-8.6;30.0;;
Calgary_Olympic_Oval;Calgary;51.077257;114.136435;2025-01-25;ISU_World_Cup_Speed_Skating_#3;5000m_Women;CAN;5000;start;00:00:00;16.9;-8.6;29.0;;
Calgary_Olympic_Oval;Calgary;51.077257;114.136435;2025-01-25;ISU_World_Cup_Speed_Skating_#3;5000m_Women;CAN;5000;end;00:49:00;16.9;-8.6;30.0;;
Calgary_Olympic_Oval;Calgary;51.077257;114.136435;2025-01-25;ISU_World_Cup_Speed_Skating_#3;1500m_Men;CAN;1500;start;01:07:00;16.9;-8.6;30.0;;
Calgary_Olympic_Oval;Calgary;51.077257;114.136435;2025-01-25;ISU_World_Cup_Speed_Skating_#3;1500m_Men;CAN;1500;end;01:41:00;16.9;-8.6;30.0;;
Calgary_Olympic_Oval;Calgary;51.077257;114.136435;2025-01-25;ISU_World_Cup_Speed_Skating_#3;1000m_Women;CAN;1000;start;01:57:00;17.2;-8.9;29.0;;
Calgary_Olympic_Oval;Calgary;51.077257;114.136435;2025-01-25;ISU_World_Cup_Speed_Skating_#3;1000m_Women;CAN;1000;end;02:26:00;17.2;-9.1;30.0;;
Calgary_Olympic_Oval;Calgary;51.077257;114.136435;2025-01-25;ISU_World_Cup_Speed_Skating_#3;1500m_Women_Division_B;CAN;1500;start;16:48:00;16.9;-8.5;28.0;;
Calgary_Olympic_Oval;Calgary;51.077257;114.136435;2025-01-25;ISU_World_Cup_Speed_Skating_#3;1500m_Women_Division_B;CAN;1500;end;17:27:00;16.9;-8.5;28.0;;
Calgary_Olympic_Oval;Calgary;51.077257;114.136435;2025-01-25;ISU_World_Cup_Speed_Skating_#3;1000m_Men_Division_B;CAN;1000;start;17:40:00;16.9;-8.7;29.0;;
Calgary_Olympic_Oval;Calgary;51.077257;114.136435;2025-01-25;ISU_World_Cup_Speed_Skating_#3;1000m_Men_Division_B;CAN;1000;end;18:18:00;16.9;-8.7;29.0;;
Calgary_Olympic_Oval;Calgary;51.077257;114.136435;2025-01-25;ISU_World_Cup_Speed_Skating_#3;10000m_Men;CAN;10000;start;21:58:00;16.8;-9.0;28.0;;
Calgary_Olympic_Oval;Calgary;51.077257;114.136435;2025-01-25;ISU_World_Cup_Speed_Skating_#3;10000m_Men;CAN;10000;end;22:31:00;16.8;-9.0;28.0;;
Calgary_Olympic_Oval;Calgary;51.077257;114.136435;2025-01-25;ISU_World_Cup_Speed_Skating_#3;1500m_Women;CAN;1500;start;21:58:00;16.8;-9.0;28.0;;
Calgary_Olympic_Oval;Calgary;51.077257;114.136435;2025-01-25;ISU_World_Cup_Speed_Skating_#3;1500m_Women;CAN;1500;end;22:32:00;16.8;-9.0;28.0;;
Calgary_Olympic_Oval;Calgary;51.077257;114.136435;2025-01-25;ISU_World_Cup_Speed_Skating_#3;1000m_Men;CAN;1000;start;22:45:00;16.9;-9.0;28.2;;
Calgary_Olympic_Oval;Calgary;51.077257;114.136435;2025-01-25;ISU_World_Cup_Speed_Skating_#3;1000m_Men;CAN;1000;end;23:11:00;16.9;-9.1;28.2;;
Calgary_Olympic_Oval;Calgary;51.077257;114.136435;2025-01-26;ISU_World_Cup_Speed_Skating_#3;10000m_Men_Division_B;CAN;10000;start;00:16:00;16.9;-8.7;27.0;;
Calgary_Olympic_Oval;Calgary;51.077257;114.136435;2025-01-26;ISU_World_Cup_Speed_Skating_#3;10000m_Men_Division_B;CAN;10000;end;02:59:00;16.9;-8.9;27.0;;
Calgary_Olympic_Oval;Calgary;51.077257;114.136435;2025-01-26;ISU_World_Cup_Speed_Skating_#3;500m_Women_Division_B;CAN;500;start;16:29:00;16.8;-8.5;27.0;;
Calgary_Olympic_Oval;Calgary;51.077257;114.136435;2025-01-26;ISU_World_Cup_Speed_Skating_#3;500m_Women_Division_B;CAN;500;end;16:57:00;16.8;-8.5;27.0;;
Calgary_Olympic_Oval;Calgary;51.077257;114.136435;2025-01-26;ISU_World_Cup_Speed_Skating_#3;500m_Men_Division_B;CAN;500;start;17:14:00;16.8;-8.5;27.0;;
Calgary_Olympic_Oval;Calgary;51.077257;114.136435;2025-01-26;ISU_World_Cup_Speed_Skating_#3;500m_Men_Division_B;CAN;500;end;17:41:00;16.8;-8.6;27.0;;
Calgary_Olympic_Oval;Calgary;51.077257;114.136435;2025-01-26;ISU_World_Cup_Speed_Skating_#3;500m_Women;CAN;500;start;20:00:00;17.0;-8.7;27.0;;
Calgary_Olympic_Oval;Calgary;51.077257;114.136435;2025-01-26;ISU_World_Cup_Speed_Skating_#3;500m_Women;CAN;500;end;20:21:00;17.0;-8.7;27.0;;
Calgary_Olympic_Oval;Calgary;51.077257;114.136435;2025-01-26;ISU_World_Cup_Speed_Skating_#3;500m_Men;CAN;500;start;20:28:00;16.9;-8.6;27.0;;
Calgary_Olympic_Oval;Calgary;51.077257;114.136435;2025-01-26;ISU_World_Cup_Speed_Skating_#3;500m_Men;CAN;500;end;20:52:00;16.9;-8.6;27.0;;
M-Wave;Nagano;36.640501;138.240432;2024-11-22;ISU_World_Cup_Speed_Skating_#1;1st_500m_Women_Division_B;JPN;500;start;00:27:00;13.8;-4.0;53.0;;
M-Wave;Nagano;36.640501;138.240432;2024-11-22;ISU_World_Cup_Speed_Skating_#1;1st_500m_Women_Division_B;JPN;500;end;00:48:00;13.8;-4.0;53.0;;
M-Wave;Nagano;36.640501;138.240432;2024-11-22;ISU_World_Cup_Speed_Skating_#1;1st_500m_Men_Division_B;JPN;500;start;00:56:00;13.8;-4.4;52.0;;
M-Wave;Nagano;36.640501;138.240432;2024-11-22;ISU_World_Cup_Speed_Skating_#1;1st_500m_Men_Division_B;JPN;500;end;01:22:00;13.8;-4.4;52.0;;
M-Wave;Nagano;36.640501;138.240432;2024-11-22;ISU_World_Cup_Speed_Skating_#1;1500m_Women_Division_B;JPN;1500;start;01:42:00;13.8;-4.4;52.0;;
M-Wave;Nagano;36.640501;138.240432;2024-11-22;ISU_World_Cup_Speed_Skating_#1;1500m_Women_Division_B;JPN;1500;end;02:26:00;13.6;-4.6;52.0;;
M-Wave;Nagano;36.640501;138.240432;2024-11-22;ISU_World_Cup_Speed_Skating_#1;1500m_Men_Division_B;JPN;1500;start;02:40:00;13.6;-4.6;52.0;;
M-Wave;Nagano;36.640501;138.240432;2024-11-22;ISU_World_Cup_Speed_Skating_#1;1500m_Men_Division_B;JPN;1500;end;03:32:00;13.6;-4.6;52.0;;
M-Wave;Nagano;36.640501;138.240432;2024-11-22;ISU_World_Cup_Speed_Skating_#1;1st_500m_Women_Division_A;JPN;500;start;05:00:00;13.9;-4.6;52.0;;
M-Wave;Nagano;36.640501;138.240432;2024-11-22;ISU_World_Cup_Speed_Skating_#1;1st_500m_Women_Division_A;JPN;500;end;05:22:00;14.6;-4.6;53.0;;
M-Wave;Nagano;36.640501;138.240432;2024-11-22;ISU_World_Cup_Speed_Skating_#1;1st_500m_Men_Division_A;JPN;500;start;05:28:00;14.4;-4.5;52.0;;
M-Wave;Nagano;36.640501;138.240432;2024-11-22;ISU_World_Cup_Speed_Skating_#1;1st_500m_Men_Division_A;JPN;500;end;05:53:00;14.6;-4.5;52.0;;
M-Wave;Nagano;36.640501;138.240432;2024-11-22;ISU_World_Cup_Speed_Skating_#1;1500m_Women_Division_A;JPN;1500;start;06:09:00;14.2;-4.6;52.0;;
M-Wave;Nagano;36.640501;138.240432;2024-11-22;ISU_World_Cup_Speed_Skating_#1;1500m_Women_Division_A;JPN;1500;end;06:44:00;14.2;-4.6;52.0;;
M-Wave;Nagano;36.640501;138.240432;2024-11-22;ISU_World_Cup_Speed_Skating_#1;1500m_Men_Division_A;JPN;1500;start;06:56:00;14.2;-4.6;52.0;;
M-Wave;Nagano;36.640501;138.240432;2024-11-22;ISU_World_Cup_Speed_Skating_#1;1500m_Men_Division_A;JPN;1500;end;07:33:00;14.2;-4.6;52.0;;
M-Wave;Nagano;36.640501;138.240432;2024-11-23;ISU_World_Cup_Speed_Skating_#1;3000m_Women_Division_B;JPN;3000;start;00:30:00;14.1;-4.0;51.0;;
M-Wave;Nagano;36.640501;138.240432;2024-11-23;ISU_World_Cup_Speed_Skating_#1;3000m_Women_Division_B;JPN;3000;end;01:17:00;14.1;-4.0;51.0;;
M-Wave;Nagano;36.640501;138.240432;2024-11-23;ISU_World_Cup_Speed_Skating_#1;5000m_Men_Division_B;JPN;5000;start;01:22:00;13.8;-4.3;49.0;;
M-Wave;Nagano;36.640501;138.240432;2024-11-23;ISU_World_Cup_Speed_Skating_#1;5000m_Men_Division_B;JPN;5000;end;02:44:00;13.8;-4.3;49.0;;
M-Wave;Nagano;36.640501;138.240432;2024-11-23;ISU_World_Cup_Speed_Skating_#1;3000m_Women_Division_A;JPN;3000;start;04:00:00;14.0;-4.1;50.0;;
M-Wave;Nagano;36.640501;138.240432;2024-11-23;ISU_World_Cup_Speed_Skating_#1;3000m_Women_Division_A;JPN;3000;end;04:43:00;14.0;-4.1;50.0;;
M-Wave;Nagano;36.640501;138.240432;2024-11-23;ISU_World_Cup_Speed_Skating_#1;5000m_Men_Division_A;JPN;5000;start;04:56:00;14.1;-4.2;50.0;;
M-Wave;Nagano;36.640501;138.240432;2024-11-23;ISU_World_Cup_Speed_Skating_#1;5000m_Men_Division_A;JPN;5000;end;05:56:00;13.8;-4.5;49.0;;
M-Wave;Nagano;36.640501;138.240432;2024-11-23;ISU_World_Cup_Speed_Skating_#1;1000m_Women_Division_A;JPN;1000;start;06:14:00;14.2;-4.2;51.0;;
M-Wave;Nagano;36.640501;138.240432;2024-11-23;ISU_World_Cup_Speed_Skating_#1;1000m_Women_Division_A;JPN;1000;end;06:40:00;14.2;-4.2;51.0;;
M-Wave;Nagano;36.640501;138.240432;2024-11-23;ISU_World_Cup_Speed_Skating_#1;1000m_Men_Division_A;JPN;1000;start;06:47:00;14.0;-4.5;50.0;;
M-Wave;Nagano;36.640501;138.240432;2024-11-23;ISU_World_Cup_Speed_Skating_#1;1000m_Men_Division_A;JPN;1000;end;07:12:00;14.0;-4.5;50.0;;
M-Wave;Nagano;36.640501;138.240432;2024-11-23;ISU_World_Cup_Speed_Skating_#1;1000m_Women_Division_B;JPN;1000;start;08:16:00;14.1;-4.1;50.0;;
M-Wave;Nagano;36.640501;138.240432;2024-11-23;ISU_World_Cup_Speed_Skating_#1;1000m_Women_Division_B;JPN;1000;end;08:47:00;14.1;-4.1;50.0;;
M-Wave;Nagano;36.640501;138.240432;2024-11-23;ISU_World_Cup_Speed_Skating_#1;1000m_Men_Division_B;JPN;1000;start;09:00:00;14.0;-4.1;49.0;;
M-Wave;Nagano;36.640501;138.240432;2024-11-23;ISU_World_Cup_Speed_Skating_#1;1000m_Men_Division_B;JPN;1000;end;09:30:00;14.0;-4.1;49.0;;
M-Wave;Nagano;36.640501;138.240432;2024-11-24;ISU_World_Cup_Speed_Skating_#1;2nd_500m_Women_Division_B;JPN;500;start;01:03:00;13.7;-4.1;53.0;;
M-Wave;Nagano;36.640501;138.240432;2024-11-24;ISU_World_Cup_Speed_Skating_#1;2nd_500m_Women_Division_B;JPN;500;end;01:21:00;13.7;-4.1;53.0;;
M-Wave;Nagano;36.640501;138.240432;2024-11-24;ISU_World_Cup_Speed_Skating_#1;2nd_500m_Men_Division_B;JPN;500;start;01:32:00;13.9;-4.4;51.0;;
M-Wave;Nagano;36.640501;138.240432;2024-11-24;ISU_World_Cup_Speed_Skating_#1;2nd_500m_Men_Division_B;JPN;500;end;01:54:00;13.9;-4.4;51.0;;
M-Wave;Nagano;36.640501;138.240432;2024-11-24;ISU_World_Cup_Speed_Skating_#1;2nd_500m_Women_Division_A;JPN;500;start;05:00:00;14.4;-4.0;50.0;;
M-Wave;Nagano;36.640501;138.240432;2024-11-24;ISU_World_Cup_Speed_Skating_#1;2nd_500m_Women_Division_A;JPN;500;end;05:20:00;14.2;-4.2;50.0;;
M-Wave;Nagano;36.640501;138.240432;2024-11-24;ISU_World_Cup_Speed_Skating_#1;2nd_500m_Men_Division_A;JPN;500;start;05:28:00;14.4;-4.4;50.0;;
M-Wave;Nagano;36.640501;138.240432;2024-11-24;ISU_World_Cup_Speed_Skating_#1;2nd_500m_Men_Division_A;JPN;500;end;05:49:00;14.2;-4.6;50.0;;
YS_Arena_Hachinohe;Hachinohe_City;40.510367;141.482789;2024-11-15;ISU_Four_Continents_Speed_Skating_Championships;1500m_Women;JPN;1500;start;05:43:00;14.1;-6.0;39.5;;
YS_Arena_Hachinohe;Hachinohe_City;40.510367;141.482789;2024-11-15;ISU_Four_Continents_Speed_Skating_Championships;1500m_Women;JPN;1500;end;06:10:00;14.1;-6.0;39.5;;
YS_Arena_Hachinohe;Hachinohe_City;40.510367;141.482789;2024-11-15;ISU_Four_Continents_Speed_Skating_Championships;1500m_Men;JPN;1500;start;06:34:00;14.3;-6.3;39.7;;
YS_Arena_Hachinohe;Hachinohe_City;40.510367;141.482789;2024-11-15;ISU_Four_Continents_Speed_Skating_Championships;1500m_Men;JPN;1500;end;07:01:00;14.3;-6.3;39.7;;
YS_Arena_Hachinohe;Hachinohe_City;40.510367;141.482789;2024-11-16;ISU_Four_Continents_Speed_Skating_Championships;500m_Women;JPN;500;start;05:00:00;14.1;-6.0;39.1;;
YS_Arena_Hachinohe;Hachinohe_City;40.510367;141.482789;2024-11-16;ISU_Four_Continents_Speed_Skating_Championships;500m_Women;JPN;500;end;05:17:00;14.1;-6.0;39.1;;
YS_Arena_Hachinohe;Hachinohe_City;40.510367;141.482789;2024-11-16;ISU_Four_Continents_Speed_Skating_Championships;500m_Men;JPN;500;start;05:28:00;14.1;-6.8;39.5;;
YS_Arena_Hachinohe;Hachinohe_City;40.510367;141.482789;2024-11-16;ISU_Four_Continents_Speed_Skating_Championships;500m_Men;JPN;500;end;05:44:00;14.1;-6.8;39.5;;
YS_Arena_Hachinohe;Hachinohe_City;40.510367;141.482789;2024-11-16;ISU_Four_Continents_Speed_Skating_Championships;3000m_Women;JPN;3000;start;06:11:00;14.4;-6.7;39.5;;
YS_Arena_Hachinohe;Hachinohe_City;40.510367;141.482789;2024-11-16;ISU_Four_Continents_Speed_Skating_Championships;3000m_Women;JPN;3000;end;06:48:00;14.4;-6.7;39.5;;
YS_Arena_Hachinohe;Hachinohe_City;40.510367;141.482789;2024-11-16;ISU_Four_Continents_Speed_Skating_Championships;5000m_Men;JPN;5000;start;07:11:00;14.4;-6.7;39.5;;
YS_Arena_Hachinohe;Hachinohe_City;40.510367;141.482789;2024-11-16;ISU_Four_Continents_Speed_Skating_Championships;5000m_Men;JPN;5000;end;08:05:00;14.4;-6.9;39.7;;
YS_Arena_Hachinohe;Hachinohe_City;40.510367;141.482789;2024-11-17;ISU_Four_Continents_Speed_Skating_Championships;1000m_Women;JPN;1000;start;05:55:00;15.6;-6.0;42.0;;
YS_Arena_Hachinohe;Hachinohe_City;40.510367;141.482789;2024-11-17;ISU_Four_Continents_Speed_Skating_Championships;1000m_Women;JPN;1000;end;06:15:00;15.6;-6.0;42.0;;
YS_Arena_Hachinohe;Hachinohe_City;40.510367;141.482789;2024-11-17;ISU_Four_Continents_Speed_Skating_Championships;1000m_Men;JPN;1000;start;06:35:00;14.5;-6.1;43.2;;
YS_Arena_Hachinohe;Hachinohe_City;40.510367;141.482789;2024-11-17;ISU_Four_Continents_Speed_Skating_Championships;1000m_Men;JPN;1000;end;06:56:00;14.5;-6.1;43.2;;
Arena_Lodowa;Tomaszów_Mazowiecki;51.519527;20.027900;2024-12-07;ISU_Junior_World_Cup_Speed_Skating_#2;1000m_Women_Juniors;POL;1000;start;09:15:00;11.9;-6.5;28.0;;
Arena_Lodowa;Tomaszów_Mazowiecki;51.519527;20.027900;2024-12-07;ISU_Junior_World_Cup_Speed_Skating_#2;1000m_Women_Juniors;POL;1000;end;09:52:00;11.9;-6.5;28.0;;
Arena_Lodowa;Tomaszów_Mazowiecki;51.519527;20.027900;2024-12-07;ISU_Junior_World_Cup_Speed_Skating_#2;1000m_Men_Juniors;POL;1000;start;10:10:00;12.1;-6.5;28.0;;
Arena_Lodowa;Tomaszów_Mazowiecki;51.519527;20.027900;2024-12-07;ISU_Junior_World_Cup_Speed_Skating_#2;1000m_Men_Juniors;POL;1000;end;10:46:00;12.1;-6.5;28.0;;
Arena_Lodowa;Tomaszów_Mazowiecki;51.519527;20.027900;2024-12-07;ISU_Junior_World_Cup_Speed_Skating_#2;1000m_Women_Neo-seniors;POL;1000;start;11:08:00;12.3;-6.5;28.0;;
Arena_Lodowa;Tomaszów_Mazowiecki;51.519527;20.027900;2024-12-07;ISU_Junior_World_Cup_Speed_Skating_#2;1000m_Women_Neo-seniors;POL;1000;end;11:20:00;12.5;-6.5;28.0;;
Arena_Lodowa;Tomaszów_Mazowiecki;51.519527;20.027900;2024-12-07;ISU_Junior_World_Cup_Speed_Skating_#2;1000m_Men_Neo-seniors;POL;1000;start;11:24:00;12.5;-6.5;28.0;;
Arena_Lodowa;Tomaszów_Mazowiecki;51.519527;20.027900;2024-12-07;ISU_Junior_World_Cup_Speed_Skating_#2;1000m_Men_Neo-seniors;POL;1000;end;11:47:00;12.5;-6.5;28.0;;
Arena_Lodowa;Tomaszów_Mazowiecki;51.519527;20.027900;2024-12-07;ISU_Junior_World_Cup_Speed_Skating_#2;3000m_Women_Juniors;POL;3000;start;12:09:00;12.5;-6.5;28.0;;
Arena_Lodowa;Tomaszów_Mazowiecki;51.519527;20.027900;2024-12-07;ISU_Junior_World_Cup_Speed_Skating_#2;3000m_Women_Juniors;POL;3000;end;12:49:00;12.5;-6.5;28.0;;
Arena_Lodowa;Tomaszów_Mazowiecki;51.519527;20.027900;2024-12-07;ISU_Junior_World_Cup_Speed_Skating_#2;3000m_Men_Juniors;POL;3000;start;13:13:00;12.5;-6.5;28.0;;
Arena_Lodowa;Tomaszów_Mazowiecki;51.519527;20.027900;2024-12-07;ISU_Junior_World_Cup_Speed_Skating_#2;3000m_Men_Juniors;POL;3000;end;13:50:00;12.5;-6.5;28.0;;
Arena_Lodowa;Tomaszów_Mazowiecki;51.519527;20.027900;2024-12-07;ISU_Junior_World_Cup_Speed_Skating_#2;3000m_Women_Neo-seniors;POL;3000;start;14:08:00;12.5;-6.5;28.0;;
Arena_Lodowa;Tomaszów_Mazowiecki;51.519527;20.027900;2024-12-07;ISU_Junior_World_Cup_Speed_Skating_#2;3000m_Women_Neo-seniors;POL;3000;end;14:23:00;12.5;-6.5;28.0;;
Arena_Lodowa;Tomaszów_Mazowiecki;51.519527;20.027900;2024-12-07;ISU_Junior_World_Cup_Speed_Skating_#2;3000m_Men_Neo-seniors;POL;3000;start;14:29:00;12.5;-6.5;28.0;;
Arena_Lodowa;Tomaszów_Mazowiecki;51.519527;20.027900;2024-12-07;ISU_Junior_World_Cup_Speed_Skating_#2;3000m_Men_Neo-seniors;POL;3000;end;14:49:00;12.7;-6.5;28.0;;
Arena_Lodowa;Tomaszów_Mazowiecki;51.519527;20.027900;2024-12-08;ISU_Junior_World_Cup_Speed_Skating_#2;500m_Women_Juniors;POL;500;start;10:27:00;12.7;-6.5;29.0;;
Arena_Lodowa;Tomaszów_Mazowiecki;51.519527;20.027900;2024-12-08;ISU_Junior_World_Cup_Speed_Skating_#2;500m_Women_Juniors;POL;500;end;11:04:00;12.7;-6.5;29.0;;
Arena_Lodowa;Tomaszów_Mazowiecki;51.519527;20.027900;2024-12-08;ISU_Junior_World_Cup_Speed_Skating_#2;500m_Men_Juniors;POL;500;start;11:23:00;12.7;-6.5;29.0;;
Arena_Lodowa;Tomaszów_Mazowiecki;51.519527;20.027900;2024-12-08;ISU_Junior_World_Cup_Speed_Skating_#2;500m_Men_Juniors;POL;500;end;11:58:00;12.7;-6.5;29.0;;
Arena_Lodowa;Tomaszów_Mazowiecki;51.519527;20.027900;2024-12-08;ISU_Junior_World_Cup_Speed_Skating_#2;500m_Women_Neo-seniors;POL;500;start;12:19:00;12.7;-6.5;29.0;;
Arena_Lodowa;Tomaszów_Mazowiecki;51.519527;20.027900;2024-12-08;ISU_Junior_World_Cup_Speed_Skating_#2;500m_Women_Neo-seniors;POL;500;end;12:31:00;12.7;-6.5;29.0;;
Arena_Lodowa;Tomaszów_Mazowiecki;51.519527;20.027900;2024-12-08;ISU_Junior_World_Cup_Speed_Skating_#2;500m_Men_Neo-seniors;POL;500;start;12:36:00;12.6;-6.5;29.0;;
Arena_Lodowa;Tomaszów_Mazowiecki;51.519527;20.027900;2024-12-08;ISU_Junior_World_Cup_Speed_Skating_#2;500m_Men_Neo-seniors;POL;500;end;12:56:00;12.5;-6.5;28.0;;
Arena_Lodowa;Tomaszów_Mazowiecki;51.519527;20.027900;2024-12-08;ISU_Junior_World_Cup_Speed_Skating_#2;1500m_Women_Juniors;POL;1500;start;13:18:00;12.6;-6.5;28.0;;
Arena_Lodowa;Tomaszów_Mazowiecki;51.519527;20.027900;2024-12-08;ISU_Junior_World_Cup_Speed_Skating_#2;1500m_Women_Juniors;POL;1500;end;13:58:00;12.4;-6.5;28.0;;
Arena_Lodowa;Tomaszów_Mazowiecki;51.519527;20.027900;2024-12-08;ISU_Junior_World_Cup_Speed_Skating_#2;1500m_Men_Juniors;POL;1500;start;14:16:00;12.4;-6.5;28.0;;
Arena_Lodowa;Tomaszów_Mazowiecki;51.519527;20.027900;2024-12-08;ISU_Junior_World_Cup_Speed_Skating_#2;1500m_Men_Juniors;POL;1500;end;14:52:00;12.6;-6.5;28.0;;
Arena_Lodowa;Tomaszów_Mazowiecki;51.519527;20.027900;2024-12-08;ISU_Junior_World_Cup_Speed_Skating_#2;1500m_Women_Neo-seniors;POL;1500;start;15:14:00;12.6;-6.5;28.0;;
Arena_Lodowa;Tomaszów_Mazowiecki;51.519527;20.027900;2024-12-08;ISU_Junior_World_Cup_Speed_Skating_#2;1500m_Women_Neo-seniors;POL;1500;end;15:26:00;12.7;-6.5;28.0;;
Arena_Lodowa;Tomaszów_Mazowiecki;51.519527;20.027900;2024-12-08;ISU_Junior_World_Cup_Speed_Skating_#2;1500m_Men_Neo-seniors;POL;1500;start;15:32:00;12.7;-6.5;28.0;;
Arena_Lodowa;Tomaszów_Mazowiecki;51.519527;20.027900;2024-12-08;ISU_Junior_World_Cup_Speed_Skating_#2;1500m_Men_Neo-seniors;POL;1500;end;15:48:00;12.8;-6.5;28.0;;
National_Speed_Skating_Oval;Beijing;40.015892;116.371414;2024-11-29;ISU_World_Cup_Speed_Skating_#2;1st_500m_Women_Division_B;CHN;500;start;04:00:00;13.8;-9.7;32.0;;
National_Speed_Skating_Oval;Beijing;40.015892;116.371414;2024-11-29;ISU_World_Cup_Speed_Skating_#2;1st_500m_Women_Division_B;CHN;500;end;04:23:00;13.8;-9.7;32.0;;
National_Speed_Skating_Oval;Beijing;40.015892;116.371414;2024-11-29;ISU_World_Cup_Speed_Skating_#2;1st_500m_Men_Division_B;CHN;500;start;04:38:00;13.8;-9.7;32.0;;
National_Speed_Skating_Oval;Beijing;40.015892;116.371414;2024-11-29;ISU_World_Cup_Speed_Skating_#2;1st_500m_Men_Division_B;CHN;500;end;05:04:00;13.3;-9.4;32.0;;
National_Speed_Skating_Oval;Beijing;40.015892;116.371414;2024-11-29;ISU_World_Cup_Speed_Skating_#2;1500m_Women_Division_B;CHN;1500;start;05:20:00;16.8;-9.8;30.0;;
National_Speed_Skating_Oval;Beijing;40.015892;116.371414;2024-11-29;ISU_World_Cup_Speed_Skating_#2;1500m_Women_Division_B;CHN;1500;end;06:08:00;16.8;-9.8;30.0;;
National_Speed_Skating_Oval;Beijing;40.015892;116.371414;2024-11-29;ISU_World_Cup_Speed_Skating_#2;1500m_Men_Division_B;CHN;1500;start;06:21:00;13.3;-9.4;37.0;;
National_Speed_Skating_Oval;Beijing;40.015892;116.371414;2024-11-29;ISU_World_Cup_Speed_Skating_#2;1500m_Men_Division_B;CHN;1500;end;07:15:00;13.8;-9.4;35.0;;
National_Speed_Skating_Oval;Beijing;40.015892;116.371414;2024-11-29;ISU_World_Cup_Speed_Skating_#2;1st_500m_Women;CHN;500;start;09:00:00;14.4;-9.7;34.0;;
National_Speed_Skating_Oval;Beijing;40.015892;116.371414;2024-11-29;ISU_World_Cup_Speed_Skating_#2;1st_500m_Women;CHN;500;end;09:22:00;14.4;-9.7;34.0;;
National_Speed_Skating_Oval;Beijing;40.015892;116.371414;2024-11-29;ISU_World_Cup_Speed_Skating_#2;1st_500m_Men;CHN;500;start;09:28:00;14.4;-9.7;34.0;;
National_Speed_Skating_Oval;Beijing;40.015892;116.371414;2024-11-29;ISU_World_Cup_Speed_Skating_#2;1st_500m_Men;CHN;500;end;09:50:00;14.4;-9.7;34.0;;
National_Speed_Skating_Oval;Beijing;40.015892;116.371414;2024-11-29;ISU_World_Cup_Speed_Skating_#2;1500m_Women;CHN;1500;start;10:07:00;15.9;-9.8;35.0;;
National_Speed_Skating_Oval;Beijing;40.015892;116.371414;2024-11-29;ISU_World_Cup_Speed_Skating_#2;1500m_Women;CHN;1500;end;10:41:00;15.9;-9.8;35.0;;
National_Speed_Skating_Oval;Beijing;40.015892;116.371414;2024-11-29;ISU_World_Cup_Speed_Skating_#2;1500m_Men;CHN;1500;start;10:47:00;15.4;-9.2;32.0;;
National_Speed_Skating_Oval;Beijing;40.015892;116.371414;2024-11-29;ISU_World_Cup_Speed_Skating_#2;1500m_Men;CHN;1500;end;11:21:00;15.4;-9.2;32.0;;
National_Speed_Skating_Oval;Beijing;40.015892;116.371414;2024-11-30;ISU_World_Cup_Speed_Skating_#2;1000m_Women_Division_B;CHN;1000;start;03:20:00;15.6;-9.4;37.0;;
National_Speed_Skating_Oval;Beijing;40.015892;116.371414;2024-11-30;ISU_World_Cup_Speed_Skating_#2;1000m_Women_Division_B;CHN;1000;end;03:56:00;15.6;-9.4;37.0;;
National_Speed_Skating_Oval;Beijing;40.015892;116.371414;2024-11-30;ISU_World_Cup_Speed_Skating_#2;1000m_Men_Division_B;CHN;1000;start;04:10:00;15.4;-9.4;39.0;;
National_Speed_Skating_Oval;Beijing;40.015892;116.371414;2024-11-30;ISU_World_Cup_Speed_Skating_#2;1000m_Men_Division_B;CHN;1000;end;04:45:00;15.4;-9.4;39.0;;
National_Speed_Skating_Oval;Beijing;40.015892;116.371414;2024-11-30;ISU_World_Cup_Speed_Skating_#2;3000m_Women_Division_B;CHN;3000;start;05:03:00;15.0;-9.5;36.0;;
National_Speed_Skating_Oval;Beijing;40.015892;116.371414;2024-11-30;ISU_World_Cup_Speed_Skating_#2;3000m_Women_Division_B;CHN;3000;end;05:50:00;15.0;-9.5;36.0;;
National_Speed_Skating_Oval;Beijing;40.015892;116.371414;2024-11-30;ISU_World_Cup_Speed_Skating_#2;5000m_Men_Division_B;CHN;5000;start;06:09:00;14.4;-9.4;38.0;;
National_Speed_Skating_Oval;Beijing;40.015892;116.371414;2024-11-30;ISU_World_Cup_Speed_Skating_#2;5000m_Men_Division_B;CHN;5000;end;07:35:00;14.4;-9.4;38.0;;
National_Speed_Skating_Oval;Beijing;40.015892;116.371414;2024-11-30;ISU_World_Cup_Speed_Skating_#2;1000m_Women;CHN;1000;start;09:00:00;14.4;-9.4;38.0;;
National_Speed_Skating_Oval;Beijing;40.015892;116.371414;2024-11-30;ISU_World_Cup_Speed_Skating_#2;1000m_Women;CHN;1000;end;09:26:00;16.4;-9.4;37.0;;
National_Speed_Skating_Oval;Beijing;40.015892;116.371414;2024-11-30;ISU_World_Cup_Speed_Skating_#2;1000m_Men;CHN;1000;start;09:33:00;16.4;-9.4;37.0;;
National_Speed_Skating_Oval;Beijing;40.015892;116.371414;2024-11-30;ISU_World_Cup_Speed_Skating_#2;1000m_Men;CHN;1000;end;10:00:00;16.4;-9.4;37.0;;
National_Speed_Skating_Oval;Beijing;40.015892;116.371414;2024-11-30;ISU_World_Cup_Speed_Skating_#2;3000m_Women;CHN;3000;start;10:16:00;16.4;-9.4;37.0;;
National_Speed_Skating_Oval;Beijing;40.015892;116.371414;2024-11-30;ISU_World_Cup_Speed_Skating_#2;3000m_Women;CHN;3000;end;10:59:00;16.4;-9.4;37.0;;
National_Speed_Skating_Oval;Beijing;40.015892;116.371414;2024-11-30;ISU_World_Cup_Speed_Skating_#2;5000m_Men;CHN;5000;start;11:12:00;14.1;-9.8;36.0;;
National_Speed_Skating_Oval;Beijing;40.015892;116.371414;2024-11-30;ISU_World_Cup_Speed_Skating_#2;5000m_Men;CHN;5000;end;12:14:00;14.1;-9.9;36.0;;
National_Speed_Skating_Oval;Beijing;40.015892;116.371414;2024-12-01;ISU_World_Cup_Speed_Skating_#2;2nd_500m_Women_Division_B;CHN;500;start;05:35:00;16.7;-9.7;35.0;;
National_Speed_Skating_Oval;Beijing;40.015892;116.371414;2024-12-01;ISU_World_Cup_Speed_Skating_#2;2nd_500m_Women_Division_B;CHN;500;end;05:57:00;16.7;-9.7;35.0;;
National_Speed_Skating_Oval;Beijing;40.015892;116.371414;2024-12-01;ISU_World_Cup_Speed_Skating_#2;2nd_500m_Men_Division_B;CHN;500;start;06:12:00;15.2;-10.0;37.0;;
National_Speed_Skating_Oval;Beijing;40.015892;116.371414;2024-12-01;ISU_World_Cup_Speed_Skating_#2;2nd_500m_Men_Division_B;CHN;500;end;06:37:00;15.2;-10.0;37.0;;
National_Speed_Skating_Oval;Beijing;40.015892;116.371414;2024-12-01;ISU_World_Cup_Speed_Skating_#2;2nd_500m_Women;CHN;500;start;09:00:00;16.3;-9.8;35.0;;
National_Speed_Skating_Oval;Beijing;40.015892;116.371414;2024-12-01;ISU_World_Cup_Speed_Skating_#2;2nd_500m_Women;CHN;500;end;09:23:00;16.3;-9.8;35.0;;
National_Speed_Skating_Oval;Beijing;40.015892;116.371414;2024-12-01;ISU_World_Cup_Speed_Skating_#2;2nd_500m_Men;CHN;500;start;09:28:00;16.3;-9.8;35.0;;
National_Speed_Skating_Oval;Beijing;40.015892;116.371414;2024-12-01;ISU_World_Cup_Speed_Skating_#2;2nd_500m_Men;CHN;500;end;09:50:00;16.3;-9.8;35.0;;
Arena_Lodowa;Tomaszów_Mazowiecki;51.519527;20.027900;2024-11-30;ISU_Junior_World_Cup_Speed_Skating_#1;1000m_Women_Juniors;POL;1000;start;09:12:00;11.0;-6.5;31.0;;
Arena_Lodowa;Tomaszów_Mazowiecki;51.519527;20.027900;2024-11-30;ISU_Junior_World_Cup_Speed_Skating_#1;1000m_Women_Juniors;POL;1000;end;09:50:00;11.0;-6.5;31.0;;
Arena_Lodowa;Tomaszów_Mazowiecki;51.519527;20.027900;2024-11-30;ISU_Junior_World_Cup_Speed_Skating_#1;1000m_Men_Juniors;POL;1000;start;10:04:00;11.0;-8.0;39.0;;
Arena_Lodowa;Tomaszów_Mazowiecki;51.519527;20.027900;2024-11-30;ISU_Junior_World_Cup_Speed_Skating_#1;1000m_Men_Juniors;POL;1000;end;10:46:00;11.0;-8.0;39.0;;
Arena_Lodowa;Tomaszów_Mazowiecki;51.519527;20.027900;2024-11-30;ISU_Junior_World_Cup_Speed_Skating_#1;1000m_Women_Neo-seniors;POL;1000;start;11:03:00;12.0;-6.0;30.0;;
Arena_Lodowa;Tomaszów_Mazowiecki;51.519527;20.027900;2024-11-30;ISU_Junior_World_Cup_Speed_Skating_#1;1000m_Women_Neo-seniors;POL;1000;end;11:15:00;12.0;-6.0;30.0;;
Arena_Lodowa;Tomaszów_Mazowiecki;51.519527;20.027900;2024-11-30;ISU_Junior_World_Cup_Speed_Skating_#1;1000m_Men_Neo-seniors;POL;1000;start;11:20:00;12.0;-6.0;30.0;;
Arena_Lodowa;Tomaszów_Mazowiecki;51.519527;20.027900;2024-11-30;ISU_Junior_World_Cup_Speed_Skating_#1;1000m_Men_Neo-seniors;POL;1000;end;11:45:00;12.0;-6.0;30.0;;
Arena_Lodowa;Tomaszów_Mazowiecki;51.519527;20.027900;2024-11-30;ISU_Junior_World_Cup_Speed_Skating_#1;3000m_Women_Juniors;POL;3000;start;12:00:00;12.0;-6.0;31.0;;
Arena_Lodowa;Tomaszów_Mazowiecki;51.519527;20.027900;2024-11-30;ISU_Junior_World_Cup_Speed_Skating_#1;3000m_Women_Juniors;POL;3000;end;12:52:00;12.0;-6.0;31.0;;
Arena_Lodowa;Tomaszów_Mazowiecki;51.519527;20.027900;2024-11-30;ISU_Junior_World_Cup_Speed_Skating_#1;3000m_Men_Juniors;POL;3000;start;13:00:00;12.0;-6.0;31.0;;
Arena_Lodowa;Tomaszów_Mazowiecki;51.519527;20.027900;2024-11-30;ISU_Junior_World_Cup_Speed_Skating_#1;3000m_Men_Juniors;POL;3000;end;13:45:00;12.0;-6.0;31.0;;
Arena_Lodowa;Tomaszów_Mazowiecki;51.519527;20.027900;2024-11-30;ISU_Junior_World_Cup_Speed_Skating_#1;3000m_Women_Neo-seniors;POL;3000;start;13:56:00;12.0;-6.0;31.0;;
Arena_Lodowa;Tomaszów_Mazowiecki;51.519527;20.027900;2024-11-30;ISU_Junior_World_Cup_Speed_Skating_#1;3000m_Women_Neo-seniors;POL;3000;end;14:13:00;12.0;-6.0;31.0;;
Arena_Lodowa;Tomaszów_Mazowiecki;51.519527;20.027900;2024-11-30;ISU_Junior_World_Cup_Speed_Skating_#1;3000m_Men_Neo-seniors;POL;3000;start;14:17:00;12.0;-6.0;31.0;;
Arena_Lodowa;Tomaszów_Mazowiecki;51.519527;20.027900;2024-11-30;ISU_Junior_World_Cup_Speed_Skating_#1;3000m_Men_Neo-seniors;POL;3000;end;14:43:00;12.0;-6.0;31.0;;
Arena_Lodowa;Tomaszów_Mazowiecki;51.519527;20.027900;2024-12-01;ISU_Junior_World_Cup_Speed_Skating_#1;500m_Women_Juniors;POL;500;start;10:30:00;11.4;-6.5;31.0;;
Arena_Lodowa;Tomaszów_Mazowiecki;51.519527;20.027900;2024-12-01;ISU_Junior_World_Cup_Speed_Skating_#1;500m_Women_Juniors;POL;500;end;11:13:00;11.4;-6.5;31.0;;
Arena_Lodowa;Tomaszów_Mazowiecki;51.519527;20.027900;2024-12-01;ISU_Junior_World_Cup_Speed_Skating_#1;500m_Men_Juniors;POL;500;start;11:29:00;11.4;-6.5;31.0;;
Arena_Lodowa;Tomaszów_Mazowiecki;51.519527;20.027900;2024-12-01;ISU_Junior_World_Cup_Speed_Skating_#1;500m_Men_Juniors;POL;500;end;12:10:00;11.4;-6.5;31.0;;
Arena_Lodowa;Tomaszów_Mazowiecki;51.519527;20.027900;2024-12-01;ISU_Junior_World_Cup_Speed_Skating_#1;500m_Women_Neo-seniors;POL;500;start;12:31:00;11.8;-6.5;31.0;;
Arena_Lodowa;Tomaszów_Mazowiecki;51.519527;20.027900;2024-12-01;ISU_Junior_World_Cup_Speed_Skating_#1;500m_Women_Neo-seniors;POL;500;end;12:42:00;12.1;-6.5;31.0;;
Arena_Lodowa;Tomaszów_Mazowiecki;51.519527;20.027900;2024-12-01;ISU_Junior_World_Cup_Speed_Skating_#1;500m_Men_Neo-seniors;POL;500;start;12:48:00;12.1;-6.5;31.0;;
Arena_Lodowa;Tomaszów_Mazowiecki;51.519527;20.027900;2024-12-01;ISU_Junior_World_Cup_Speed_Skating_#1;500m_Men_Neo-seniors;POL;500;end;13:10:00;12.1;-6.5;31.0;;
Arena_Lodowa;Tomaszów_Mazowiecki;51.519527;20.027900;2024-12-01;ISU_Junior_World_Cup_Speed_Skating_#1;1500m_Women_Juniors;POL;1500;start;13:28:00;12.2;-6.5;31.0;;
Arena_Lodowa;Tomaszów_Mazowiecki;51.519527;20.027900;2024-12-01;ISU_Junior_World_Cup_Speed_Skating_#1;1500m_Women_Juniors;POL;1500;end;14:11:00;12.2;-6.5;31.0;;
Arena_Lodowa;Tomaszów_Mazowiecki;51.519527;20.027900;2024-12-01;ISU_Junior_World_Cup_Speed_Skating_#1;1500m_Men_Juniors;POL;1500;start;14:29:00;12.4;-6.5;31.0;;
Arena_Lodowa;Tomaszów_Mazowiecki;51.519527;20.027900;2024-12-01;ISU_Junior_World_Cup_Speed_Skating_#1;1500m_Men_Juniors;POL;1500;end;15:08:00;12.4;-6.5;31.0;;
Arena_Lodowa;Tomaszów_Mazowiecki;51.519527;20.027900;2024-12-01;ISU_Junior_World_Cup_Speed_Skating_#1;1500m_Women_Neo-seniors;POL;1500;start;15:27:00;12.4;-6.5;31.0;;
Arena_Lodowa;Tomaszów_Mazowiecki;51.519527;20.027900;2024-12-01;ISU_Junior_World_Cup_Speed_Skating_#1;1500m_Women_Neo-seniors;POL;1500;end;15:41:00;12.4;-6.5;31.0;;
Arena_Lodowa;Tomaszów_Mazowiecki;51.519527;20.027900;2024-12-01;ISU_Junior_World_Cup_Speed_Skating_#1;1500m_Men_Neo-seniors;POL;1500;start;15:45:00;12.4;-6.5;31.0;;
Arena_Lodowa;Tomaszów_Mazowiecki;51.519527;20.027900;2024-12-01;ISU_Junior_World_Cup_Speed_Skating_#1;1500m_Men_Neo-seniors;POL;1500;end;16:08:00;12.4;-6.5;31.0;;
Max_Aicher_Arena;Inzell;47.752681;12.752476;2024-03-07;ISU_World_Speed_Skating_Allround_&_Sprint_Championships;1st_500m_Women_Sprint;GER;500;start;18:00:00;13.9;-7.3;32.0;;
Max_Aicher_Arena;Inzell;47.752681;12.752476;2024-03-07;ISU_World_Speed_Skating_Allround_&_Sprint_Championships;1st_500m_Women_Sprint;GER;500;end;18:30:00;13.9;-7.3;32.0;;
Max_Aicher_Arena;Inzell;47.752681;12.752476;2024-03-07;ISU_World_Speed_Skating_Allround_&_Sprint_Championships;1st_500m_Men_Sprint;GER;500;start;18:37:00;13.9;-7.3;32.0;;
Max_Aicher_Arena;Inzell;47.752681;12.752476;2024-03-07;ISU_World_Speed_Skating_Allround_&_Sprint_Championships;1st_500m_Men_Sprint;GER;500;end;19:12:00;13.9;-7.3;32.0;;
Max_Aicher_Arena;Inzell;47.752681;12.752476;2024-03-07;ISU_World_Speed_Skating_Allround_&_Sprint_Championships;1st_1000m_Women_Sprint;GER;1000;start;19:27:00;13.9;-7.3;32.0;;
Max_Aicher_Arena;Inzell;47.752681;12.752476;2024-03-07;ISU_World_Speed_Skating_Allround_&_Sprint_Championships;1st_1000m_Women_Sprint;GER;1000;end;20:07:00;13.9;-7.3;32.0;;
Max_Aicher_Arena;Inzell;47.752681;12.752476;2024-03-07;ISU_World_Speed_Skating_Allround_&_Sprint_Championships;1st_1000m_Men_Sprint;GER;1000;start;20:24:00;13.9;-7.3;32.0;;
Max_Aicher_Arena;Inzell;47.752681;12.752476;2024-03-07;ISU_World_Speed_Skating_Allround_&_Sprint_Championships;1st_1000m_Men_Sprint;GER;1000;end;21:00:00;13.9;-7.3;32.0;;
Max_Aicher_Arena;Inzell;47.752681;12.752476;2024-03-08;ISU_World_Speed_Skating_Allround_&_Sprint_Championships;2nd_500m_Women_Sprint;GER;500;start;17:30:00;13.9;-7.7;29.0;;
Max_Aicher_Arena;Inzell;47.752681;12.752476;2024-03-08;ISU_World_Speed_Skating_Allround_&_Sprint_Championships;2nd_500m_Women_Sprint;GER;500;end;17:57:00;13.9;-7.7;29.0;;
Max_Aicher_Arena;Inzell;47.752681;12.752476;2024-03-08;ISU_World_Speed_Skating_Allround_&_Sprint_Championships;2nd_500m_Men_Sprint;GER;500;start;18:07:00;13.9;-7.7;29.0;;
Max_Aicher_Arena;Inzell;47.752681;12.752476;2024-03-08;ISU_World_Speed_Skating_Allround_&_Sprint_Championships;2nd_500m_Men_Sprint;GER;500;end;18:40:00;13.9;-7.7;29.0;;
Max_Aicher_Arena;Inzell;47.752681;12.752476;2024-03-08;ISU_World_Speed_Skating_Allround_&_Sprint_Championships;2nd_1000m_Women_Sprint;GER;1000;start;18:55:00;13.9;-7.7;29.0;;
Max_Aicher_Arena;Inzell;47.752681;12.752476;2024-03-08;ISU_World_Speed_Skating_Allround_&_Sprint_Championships;2nd_1000m_Women_Sprint;GER;1000;end;19:32:00;13.9;-7.7;29.0;;
Max_Aicher_Arena;Inzell;47.752681;12.752476;2024-03-08;ISU_World_Speed_Skating_Allround_&_Sprint_Championships;2nd_1000m_Men_Sprint;GER;1000;start;19:50:00;13.9;-7.7;29.0;;
Max_Aicher_Arena;Inzell;47.752681;12.752476;2024-03-08;ISU_World_Speed_Skating_Allround_&_Sprint_Championships;2nd_1000m_Men_Sprint;GER;1000;end;20:29:00;13.9;-7.7;29.0;;
Max_Aicher_Arena;Inzell;47.752681;12.752476;2024-03-09;ISU_World_Speed_Skating_Allround_&_Sprint_Championships;500m_Women_AllRound;GER;500;start;11:45:00;13.8;-7.7;30.0;;
Max_Aicher_Arena;Inzell;47.752681;12.752476;2024-03-09;ISU_World_Speed_Skating_Allround_&_Sprint_Championships;500m_Women_AllRound;GER;500;end;12:08:00;13.8;-7.7;30.0;;
Max_Aicher_Arena;Inzell;47.752681;12.752476;2024-03-09;ISU_World_Speed_Skating_Allround_&_Sprint_Championships;500m_Men_AllRound;GER;500;start;12:17:00;13.8;-7.7;30.0;;
Max_Aicher_Arena;Inzell;47.752681;12.752476;2024-03-09;ISU_World_Speed_Skating_Allround_&_Sprint_Championships;500m_Men_AllRound;GER;500;end;12:40:00;13.8;-7.7;30.0;;
Max_Aicher_Arena;Inzell;47.752681;12.752476;2024-03-09;ISU_World_Speed_Skating_Allround_&_Sprint_Championships;3000m_Women_AllRound;GER;3000;start;13:00:00;13.8;-7.7;30.0;;
Max_Aicher_Arena;Inzell;47.752681;12.752476;2024-03-09;ISU_World_Speed_Skating_Allround_&_Sprint_Championships;3000m_Women_AllRound;GER;3000;end;14:18:00;13.8;-7.7;30.0;;
Max_Aicher_Arena;Inzell;47.752681;12.752476;2024-03-09;ISU_World_Speed_Skating_Allround_&_Sprint_Championships;5000m_Men_AllRound;GER;5000;start;14:34:00;13.8;-7.7;30.0;;
Max_Aicher_Arena;Inzell;47.752681;12.752476;2024-03-09;ISU_World_Speed_Skating_Allround_&_Sprint_Championships;5000m_Men_AllRound;GER;5000;end;16:20:00;13.8;-7.7;30.0;;
Max_Aicher_Arena;Inzell;47.752681;12.752476;2024-03-10;ISU_World_Speed_Skating_Allround_&_Sprint_Championships;1500m_Women_AllRound;GER;1500;start;12:15:00;14.9;-7.9;29.0;;
Max_Aicher_Arena;Inzell;47.752681;12.752476;2024-03-10;ISU_World_Speed_Skating_Allround_&_Sprint_Championships;1500m_Women_AllRound;GER;1500;end;12:56:00;14.9;-7.9;29.0;;
Max_Aicher_Arena;Inzell;47.752681;12.752476;2024-03-10;ISU_World_Speed_Skating_Allround_&_Sprint_Championships;1500m_Men_AllRound;GER;1500;start;13:08:00;14.9;-7.9;29.0;;
Max_Aicher_Arena;Inzell;47.752681;12.752476;2024-03-10;ISU_World_Speed_Skating_Allround_&_Sprint_Championships;1500m_Men_AllRound;GER;1500;end;13:46:00;14.9;-7.9;29.0;;
Max_Aicher_Arena;Inzell;47.752681;12.752476;2024-03-10;ISU_World_Speed_Skating_Allround_&_Sprint_Championships;5000m_Women_AllRound;GER;5000;start;14:04:00;14.9;-7.9;29.0;;
Max_Aicher_Arena;Inzell;47.752681;12.752476;2024-03-10;ISU_World_Speed_Skating_Allround_&_Sprint_Championships;5000m_Women_AllRound;GER;5000;end;14:37:00;14.9;-7.9;29.0;;
Max_Aicher_Arena;Inzell;47.752681;12.752476;2024-03-10;ISU_World_Speed_Skating_Allround_&_Sprint_Championships;10000m_Men_AllRound;GER;10000;start;14:54:00;14.9;-7.9;29.0;;
Max_Aicher_Arena;Inzell;47.752681;12.752476;2024-03-10;ISU_World_Speed_Skating_Allround_&_Sprint_Championships;10000m_Men_AllRound;GER;10000;end;15:53:00;14.9;-7.9;29.0;;
Calgary_Olympic_Oval;Calgary;51.077257;114.136435;2024-02-15;ISU_World_Speed_Skating_Single_Distances_Championships;Women_3000m;CAN;3000;start;03:30:00;18.3;-7.9;32.0;;
Calgary_Olympic_Oval;Calgary;51.077257;114.136435;2024-02-15;ISU_World_Speed_Skating_Single_Distances_Championships;Women_3000m;CAN;3000;end;04:26:00;18.3;-7.9;32.0;;
Calgary_Olympic_Oval;Calgary;51.077257;114.136435;2024-02-15;ISU_World_Speed_Skating_Single_Distances_Championships;Men_5000m;CAN;5000;start;20:41:00;17.3;-8.1;33.0;;
Calgary_Olympic_Oval;Calgary;51.077257;114.136435;2024-02-15;ISU_World_Speed_Skating_Single_Distances_Championships;Men_5000m;CAN;5000;cleaning;21:32:00;17.7;-8.2;32.0;;
Calgary_Olympic_Oval;Calgary;51.077257;114.136435;2024-02-15;ISU_World_Speed_Skating_Single_Distances_Championships;Men_5000m;CAN;5000;end;22:10:00;17.7;-8.2;32.0;;
Calgary_Olympic_Oval;Calgary;51.077257;114.136435;2024-02-16;ISU_World_Speed_Skating_Single_Distances_Championships;Women_500m;CAN;500;start;20:42:00;17.9;-8.0;31.0;;
Calgary_Olympic_Oval;Calgary;51.077257;114.136435;2024-02-16;ISU_World_Speed_Skating_Single_Distances_Championships;Women_500m;CAN;500;end;21:09:00;17.9;-8.0;31.0;;
Calgary_Olympic_Oval;Calgary;51.077257;114.136435;2024-02-16;ISU_World_Speed_Skating_Single_Distances_Championships;Men_500m;CAN;500;start;21:21:00;17.9;-8.1;29.0;;
Calgary_Olympic_Oval;Calgary;51.077257;114.136435;2024-02-16;ISU_World_Speed_Skating_Single_Distances_Championships;Men_500m;CAN;500;end;21:48:00;17.9;-8.1;29.0;;
Calgary_Olympic_Oval;Calgary;51.077257;114.136435;2024-02-17;ISU_World_Speed_Skating_Single_Distances_Championships;Women_1000m;CAN;1000;start;21:03:00;17.8;-8.2;28.0;;
Calgary_Olympic_Oval;Calgary;51.077257;114.136435;2024-02-17;ISU_World_Speed_Skating_Single_Distances_Championships;Women_1000m;CAN;1000;end;21:36:00;17.8;-8.2;28.0;;
Calgary_Olympic_Oval;Calgary;51.077257;114.136435;2024-02-17;ISU_World_Speed_Skating_Single_Distances_Championships;Men_1000m;CAN;1000;start;21:48:00;17.8;-8.2;28.0;;
Calgary_Olympic_Oval;Calgary;51.077257;114.136435;2024-02-17;ISU_World_Speed_Skating_Single_Distances_Championships;Men_1000m;CAN;1000;end;22:20:00;17.8;-8.2;28.0;;
Calgary_Olympic_Oval;Calgary;51.077257;114.136435;2024-02-18;ISU_World_Speed_Skating_Single_Distances_Championships;Women_5000m;CAN;5000;start;19:00:00;17.0;-8.3;28.0;;
Calgary_Olympic_Oval;Calgary;51.077257;114.136435;2024-02-18;ISU_World_Speed_Skating_Single_Distances_Championships;Women_5000m;CAN;5000;end;19:50:00;17.0;-8.3;28.0;;
Calgary_Olympic_Oval;Calgary;51.077257;114.136435;2024-02-18;ISU_World_Speed_Skating_Single_Distances_Championships;Men_10000m;CAN;10000;start;20:07:00;16.9;-8.3;27.0;;
Calgary_Olympic_Oval;Calgary;51.077257;114.136435;2024-02-18;ISU_World_Speed_Skating_Single_Distances_Championships;Men_10000m;CAN;10000;cleaning;21:05:00;16.8;-8.4;28.0;;
Calgary_Olympic_Oval;Calgary;51.077257;114.136435;2024-02-18;ISU_World_Speed_Skating_Single_Distances_Championships;Men_10000m;CAN;10000;end;21:50:00;16.8;-8.4;28.0;;
Calgary_Olympic_Oval;Calgary;51.077257;114.136435;2024-02-18;ISU_World_Speed_Skating_Single_Distances_Championships;Women_1500m;CAN;1500;start;22:08:00;16.9;-8.2;27.0;;
Calgary_Olympic_Oval;Calgary;51.077257;114.136435;2024-02-18;ISU_World_Speed_Skating_Single_Distances_Championships;Women_1500m;CAN;1500;end;22:49:00;16.9;-8.2;27.0;;
Calgary_Olympic_Oval;Calgary;51.077257;114.136435;2024-02-18;ISU_World_Speed_Skating_Single_Distances_Championships;Men_1500m;CAN;1500;start;23:04:00;16.9;-8.2;27.0;;
Calgary_Olympic_Oval;Calgary;51.077257;114.136435;2024-02-18;ISU_World_Speed_Skating_Single_Distances_Championships;Men_1500m;CAN;1500;end;23:44:00;16.9;-8.2;27.0;;
Thialf;Heerenveen;52.938399;5.942384;2024-01-05;ISU_European_Speed_Skating_Championships;3000m_Women;NED;3000;start;19:28:00;17.6;-10.3;45.2;;
Thialf;Heerenveen;52.938399;5.942384;2024-01-05;ISU_European_Speed_Skating_Championships;3000m_Women;NED;3000;end;20:09:00;17.4;-10.8;45.4;;
Thialf;Heerenveen;52.938399;5.942384;2024-01-05;ISU_European_Speed_Skating_Championships;1000m_Men;NED;1000;start;20:30:00;17.1;-10.8;45.9;;
Thialf;Heerenveen;52.938399;5.942384;2024-01-05;ISU_European_Speed_Skating_Championships;1000m_Men;NED;1000;end;20:55:00;16.9;-10.6;46.1;;
YS_Arena_Hachinohe;Hachinohe_City;40.510367;141.482789;2024-02-09;ISU_World_Junior_Speed_Skating_Championships;500m_Women;JPN;500;start;00:59:00;12.3;-6.9;36.1;;
YS_Arena_Hachinohe;Hachinohe_City;40.510367;141.482789;2024-02-09;ISU_World_Junior_Speed_Skating_Championships;500m_Women;JPN;500;end;01:40:00;12.3;-6.9;36.1;;
YS_Arena_Hachinohe;Hachinohe_City;40.510367;141.482789;2024-02-09;ISU_World_Junior_Speed_Skating_Championships;500m_Men;JPN;500;start;02:03:00;12.5;-6.6;37.6;;
YS_Arena_Hachinohe;Hachinohe_City;40.510367;141.482789;2024-02-09;ISU_World_Junior_Speed_Skating_Championships;500m_Men;JPN;500;end;02:49:00;12.5;-6.6;37.6;;
YS_Arena_Hachinohe;Hachinohe_City;40.510367;141.482789;2024-02-09;ISU_World_Junior_Speed_Skating_Championships;1500m_Women;JPN;1500;start;04:05:00;12.6;-6.5;36.2;;
YS_Arena_Hachinohe;Hachinohe_City;40.510367;141.482789;2024-02-09;ISU_World_Junior_Speed_Skating_Championships;1500m_Women;JPN;1500;end;05:30:00;12.6;-6.5;36.2;;
YS_Arena_Hachinohe;Hachinohe_City;40.510367;141.482789;2024-02-09;ISU_World_Junior_Speed_Skating_Championships;1500m_Men;JPN;1500;start;05:54:00;12.6;-6.9;37.6;;
YS_Arena_Hachinohe;Hachinohe_City;40.510367;141.482789;2024-02-09;ISU_World_Junior_Speed_Skating_Championships;1500m_Men;JPN;1500;end;07:20:00;12.6;-6.9;37.6;;
YS_Arena_Hachinohe;Hachinohe_City;40.510367;141.482789;2024-02-10;ISU_World_Junior_Speed_Skating_Championships;1000m_Women;JPN;1000;start;00:59:00;12.5;-7.1;35.0;;
YS_Arena_Hachinohe;Hachinohe_City;40.510367;141.482789;2024-02-10;ISU_World_Junior_Speed_Skating_Championships;1000m_Women;JPN;1000;end;01:51:00;12.5;-7.1;35.0;;
YS_Arena_Hachinohe;Hachinohe_City;40.510367;141.482789;2024-02-10;ISU_World_Junior_Speed_Skating_Championships;1000m_Men;JPN;1000;start;02:12:00;12.4;-6.5;37.6;;
YS_Arena_Hachinohe;Hachinohe_City;40.510367;141.482789;2024-02-10;ISU_World_Junior_Speed_Skating_Championships;1000m_Men;JPN;1000;end;03:01:00;12.4;-6.5;37.6;;
YS_Arena_Hachinohe;Hachinohe_City;40.510367;141.482789;2024-02-10;ISU_World_Junior_Speed_Skating_Championships;3000m_Women;JPN;3000;start;04:29:00;12.5;-7.2;37.6;;
YS_Arena_Hachinohe;Hachinohe_City;40.510367;141.482789;2024-02-10;ISU_World_Junior_Speed_Skating_Championships;3000m_Women;JPN;3000;end;05:23:00;12.5;-7.2;37.6;;
YS_Arena_Hachinohe;Hachinohe_City;40.510367;141.482789;2024-02-10;ISU_World_Junior_Speed_Skating_Championships;5000m_Men;JPN;5000;start;05:44:00;12.4;-7.0;38.2;;
YS_Arena_Hachinohe;Hachinohe_City;40.510367;141.482789;2024-02-10;ISU_World_Junior_Speed_Skating_Championships;5000m_Men;JPN;5000;end;07:12:00;12.4;-7.0;38.2;;
Utah_Olympic_Oval;Salt_Lake_City;40.647890;-112.008573;2024-01-20;ISU_Four_Continents_Speed_Skating_Championships;1500m_Women;USA;1500;start;01:13:00;17.0;-8.7;25.0;;
Utah_Olympic_Oval;Salt_Lake_City;40.647890;-112.008573;2024-01-20;ISU_Four_Continents_Speed_Skating_Championships;1500m_Women;USA;1500;end;01:38:00;17.0;-8.7;25.0;;
Utah_Olympic_Oval;Salt_Lake_City;40.647890;-112.008573;2024-01-20;ISU_Four_Continents_Speed_Skating_Championships;1500m_Men;USA;1500;start;02:04:00;17.0;-8.7;25.0;;
Utah_Olympic_Oval;Salt_Lake_City;40.647890;-112.008573;2024-01-20;ISU_Four_Continents_Speed_Skating_Championships;1500m_Men;USA;1500;end;02:35:00;17.0;-8.7;25.0;;
Utah_Olympic_Oval;Salt_Lake_City;40.647890;-112.008573;2024-01-20;ISU_Four_Continents_Speed_Skating_Championships;500m_Women;USA;500;start;21:00:00;16.5;-8.8;25.0;;
Utah_Olympic_Oval;Salt_Lake_City;40.647890;-112.008573;2024-01-20;ISU_Four_Continents_Speed_Skating_Championships;500m_Women;USA;500;end;21:18:00;16.5;-8.8;25.0;;
Utah_Olympic_Oval;Salt_Lake_City;40.647890;-112.008573;2024-01-20;ISU_Four_Continents_Speed_Skating_Championships;500m_Men;USA;500;start;21:23:00;16.5;-8.8;25.0;;
Utah_Olympic_Oval;Salt_Lake_City;40.647890;-112.008573;2024-01-20;ISU_Four_Continents_Speed_Skating_Championships;500m_Men;USA;500;end;21:37:00;16.5;-8.8;25.0;;
Utah_Olympic_Oval;Salt_Lake_City;40.647890;-112.008573;2024-01-20;ISU_Four_Continents_Speed_Skating_Championships;3000m_Women;USA;3000;start;22:01:00;16.5;-8.8;25.0;;
Utah_Olympic_Oval;Salt_Lake_City;40.647890;-112.008573;2024-01-20;ISU_Four_Continents_Speed_Skating_Championships;3000m_Women;USA;3000;end;22:35:00;16.5;-8.8;25.0;;
Utah_Olympic_Oval;Salt_Lake_City;40.647890;-112.008573;2024-01-20;ISU_Four_Continents_Speed_Skating_Championships;5000m_Men;USA;5000;start;22:50:00;16.5;-8.8;25.0;;
Utah_Olympic_Oval;Salt_Lake_City;40.647890;-112.008573;2024-01-20;ISU_Four_Continents_Speed_Skating_Championships;5000m_Men;USA;5000;end;23:47:00;16.5;-8.8;25.0;;
Utah_Olympic_Oval;Salt_Lake_City;40.647890;-112.008573;2024-01-21;ISU_Four_Continents_Speed_Skating_Championships;1000m_Women;USA;1000;start;21:58:00;16.6;-8.4;25.0;;
Utah_Olympic_Oval;Salt_Lake_City;40.647890;-112.008573;2024-01-21;ISU_Four_Continents_Speed_Skating_Championships;1000m_Women;USA;1000;end;22:21:00;16.6;-8.4;25.0;;
Utah_Olympic_Oval;Salt_Lake_City;40.647890;-112.008573;2024-01-21;ISU_Four_Continents_Speed_Skating_Championships;1000m_Men;USA;1000;start;22:37:00;16.6;-8.4;25.0;;
Utah_Olympic_Oval;Salt_Lake_City;40.647890;-112.008573;2024-01-21;ISU_Four_Continents_Speed_Skating_Championships;1000m_Men;USA;1000;end;22:59:00;16.6;-8.4;25.0;;
Arena_Lodowa;Tomaszów_Mazowiecki;51.519527;20.027900;2023-12-08;ISU_World_Cup_Speed_Skating_#4;1st_500m_Women_Division_B;POL;500;start;13:20:00;13.6;-6.5;30.0;;
Arena_Lodowa;Tomaszów_Mazowiecki;51.519527;20.027900;2023-12-08;ISU_World_Cup_Speed_Skating_#4;1st_500m_Women_Division_B;POL;500;end;13:45:00;13.6;-6.5;30.0;;
Arena_Lodowa;Tomaszów_Mazowiecki;51.519527;20.027900;2023-12-08;ISU_World_Cup_Speed_Skating_#4;1000m_Men_Division_B;POL;1000;start;13:56:00;13.6;-6.5;30.0;;
Arena_Lodowa;Tomaszów_Mazowiecki;51.519527;20.027900;2023-12-08;ISU_World_Cup_Speed_Skating_#4;1000m_Men_Division_B;POL;1000;end;14:30:00;13.6;-6.5;30.0;;
Arena_Lodowa;Tomaszów_Mazowiecki;51.519527;20.027900;2023-12-08;ISU_World_Cup_Speed_Skating_#4;3000m_Women_Division_B;POL;3000;start;14:48:00;14.4;-6.4;30.0;;
Arena_Lodowa;Tomaszów_Mazowiecki;51.519527;20.027900;2023-12-08;ISU_World_Cup_Speed_Skating_#4;3000m_Women_Division_B;POL;3000;end;15:29:00;14.4;-6.4;30.0;;
Arena_Lodowa;Tomaszów_Mazowiecki;51.519527;20.027900;2023-12-08;ISU_World_Cup_Speed_Skating_#4;1st_500m_Women_Division_A;POL;500;start;17:30:00;13.5;-6.5;31.0;;
Arena_Lodowa;Tomaszów_Mazowiecki;51.519527;20.027900;2023-12-08;ISU_World_Cup_Speed_Skating_#4;1st_500m_Women_Division_A;POL;500;end;17:49:00;13.5;-6.5;31.0;;
Arena_Lodowa;Tomaszów_Mazowiecki;51.519527;20.027900;2023-12-08;ISU_World_Cup_Speed_Skating_#4;1000m_Men_Division_A;POL;1000;start;18:00:00;13.5;-6.5;31.0;;
Arena_Lodowa;Tomaszów_Mazowiecki;51.519527;20.027900;2023-12-08;ISU_World_Cup_Speed_Skating_#4;1000m_Men_Division_A;POL;1000;end;18:26:00;13.5;-6.5;31.0;;
Arena_Lodowa;Tomaszów_Mazowiecki;51.519527;20.027900;2023-12-08;ISU_World_Cup_Speed_Skating_#4;3000m_Women_Division_A;POL;3000;start;18:42:00;13.5;-6.2;32.0;;
Arena_Lodowa;Tomaszów_Mazowiecki;51.519527;20.027900;2023-12-08;ISU_World_Cup_Speed_Skating_#4;3000m_Women_Division_A;POL;3000;end;19:26:00;13.5;-6.2;32.0;;
Arena_Lodowa;Tomaszów_Mazowiecki;51.519527;20.027900;2023-12-09;ISU_World_Cup_Speed_Skating_#4;1500m_Women_Division_B;POL;1500;start;08:15:00;12.7;-6.7;28.0;;
Arena_Lodowa;Tomaszów_Mazowiecki;51.519527;20.027900;2023-12-09;ISU_World_Cup_Speed_Skating_#4;1500m_Women_Division_B;POL;1500;end;08:51:00;12.7;-6.7;28.0;;
Arena_Lodowa;Tomaszów_Mazowiecki;51.519527;20.027900;2023-12-09;ISU_World_Cup_Speed_Skating_#4;1st_500m_Men_Division_B;POL;500;start;09:04:00;12.7;-6.7;28.0;;
Arena_Lodowa;Tomaszów_Mazowiecki;51.519527;20.027900;2023-12-09;ISU_World_Cup_Speed_Skating_#4;1st_500m_Men_Division_B;POL;500;end;09:30:00;12.7;-6.7;28.0;;
Arena_Lodowa;Tomaszów_Mazowiecki;51.519527;20.027900;2023-12-09;ISU_World_Cup_Speed_Skating_#4;1500m_Men_Division_B;POL;1500;start;09:42:00;13.6;-6.2;32.0;;
Arena_Lodowa;Tomaszów_Mazowiecki;51.519527;20.027900;2023-12-09;ISU_World_Cup_Speed_Skating_#4;1500m_Men_Division_B;POL;1500;end;10:29:00;13.6;-6.2;32.0;;
Arena_Lodowa;Tomaszów_Mazowiecki;51.519527;20.027900;2023-12-09;ISU_World_Cup_Speed_Skating_#4;2nd_500m_Women_Division_B;POL;500;start;10:42:00;13.6;-6.2;32.0;;
Arena_Lodowa;Tomaszów_Mazowiecki;51.519527;20.027900;2023-12-09;ISU_World_Cup_Speed_Skating_#4;2nd_500m_Women_Division_B;POL;500;end;11:07:00;13.6;-6.2;32.0;;
Arena_Lodowa;Tomaszów_Mazowiecki;51.519527;20.027900;2023-12-09;ISU_World_Cup_Speed_Skating_#4;1500m_Women_Division_A;POL;1500;start;13:00:00;12.5;-6.1;33.0;;
Arena_Lodowa;Tomaszów_Mazowiecki;51.519527;20.027900;2023-12-09;ISU_World_Cup_Speed_Skating_#4;1500m_Women_Division_A;POL;1500;end;13:32:00;12.5;-6.1;33.0;;
Arena_Lodowa;Tomaszów_Mazowiecki;51.519527;20.027900;2023-12-09;ISU_World_Cup_Speed_Skating_#4;1st_500m_Men_Division_A;POL;500;start;13:40:00;13.0;-6.4;33.0;;
Arena_Lodowa;Tomaszów_Mazowiecki;51.519527;20.027900;2023-12-09;ISU_World_Cup_Speed_Skating_#4;1st_500m_Men_Division_A;POL;500;end;14:01:00;13.0;-6.4;33.0;;
Arena_Lodowa;Tomaszów_Mazowiecki;51.519527;20.027900;2023-12-09;ISU_World_Cup_Speed_Skating_#4;1500m_Men_Division_A;POL;1500;start;14:21:00;13.1;-6.0;33.0;;
Arena_Lodowa;Tomaszów_Mazowiecki;51.519527;20.027900;2023-12-09;ISU_World_Cup_Speed_Skating_#4;1500m_Men_Division_A;POL;1500;end;14:56:00;13.1;-6.0;33.0;;
Arena_Lodowa;Tomaszów_Mazowiecki;51.519527;20.027900;2023-12-09;ISU_World_Cup_Speed_Skating_#4;2nd_500m_Women_Division_A;POL;500;start;15:02:00;13.1;-6.0;33.0;;
Arena_Lodowa;Tomaszów_Mazowiecki;51.519527;20.027900;2023-12-09;ISU_World_Cup_Speed_Skating_#4;2nd_500m_Women_Division_A;POL;500;end;15:22:00;13.1;-6.0;33.0;;
Arena_Lodowa;Tomaszów_Mazowiecki;51.519527;20.027900;2023-12-10;ISU_World_Cup_Speed_Skating_#4;1000m_Women_Division_B;POL;1000;start;09:15:00;12.0;-6.5;30.0;;
Arena_Lodowa;Tomaszów_Mazowiecki;51.519527;20.027900;2023-12-10;ISU_World_Cup_Speed_Skating_#4;1000m_Women_Division_B;POL;1000;end;09:51:00;12.0;-6.5;30.0;;
Arena_Lodowa;Tomaszów_Mazowiecki;51.519527;20.027900;2023-12-10;ISU_World_Cup_Speed_Skating_#4;2nd_500m_Men_Division_B;POL;500;start;10:08:00;12.0;-6.5;30.0;;
Arena_Lodowa;Tomaszów_Mazowiecki;51.519527;20.027900;2023-12-10;ISU_World_Cup_Speed_Skating_#4;2nd_500m_Men_Division_B;POL;500;end;10:32:00;12.0;-6.5;30.0;;
Arena_Lodowa;Tomaszów_Mazowiecki;51.519527;20.027900;2023-12-10;ISU_World_Cup_Speed_Skating_#4;5000m_Men_Division_B;POL;5000;start;10:46:00;12.0;-6.5;30.0;;
Arena_Lodowa;Tomaszów_Mazowiecki;51.519527;20.027900;2023-12-10;ISU_World_Cup_Speed_Skating_#4;5000m_Men_Division_B;POL;5000;end;12:12:00;12.0;-6.5;30.0;;
Arena_Lodowa;Tomaszów_Mazowiecki;51.519527;20.027900;2023-12-10;ISU_World_Cup_Speed_Skating_#4;1000m_Women_Division_A;POL;1000;start;13:45:00;12.8;-6.5;30.0;;
Arena_Lodowa;Tomaszów_Mazowiecki;51.519527;20.027900;2023-12-10;ISU_World_Cup_Speed_Skating_#4;1000m_Women_Division_A;POL;1000;end;14:12:00;12.8;-6.5;30.0;;
Arena_Lodowa;Tomaszów_Mazowiecki;51.519527;20.027900;2023-12-10;ISU_World_Cup_Speed_Skating_#4;2nd_500m_Men_Division_A;POL;500;start;14:20:00;13.4;-6.5;30.0;;
Arena_Lodowa;Tomaszów_Mazowiecki;51.519527;20.027900;2023-12-10;ISU_World_Cup_Speed_Skating_#4;2nd_500m_Men_Division_A;POL;500;end;14:41:00;13.4;-6.5;30.0;;
Arena_Lodowa;Tomaszów_Mazowiecki;51.519527;20.027900;2023-12-10;ISU_World_Cup_Speed_Skating_#4;5000m_Men_Division_A;POL;5000;start;14:59:00;13.3;-6.2;30.0;;
Arena_Lodowa;Tomaszów_Mazowiecki;51.519527;20.027900;2023-12-10;ISU_World_Cup_Speed_Skating_#4;5000m_Men_Division_A;POL;5000;end;16:03:00;13.3;-6.2;30.0;;
YS_Arena_Hachinohe;Hachinohe_City;40.510367;141.482789;2024-02-03;ISU_Junior_World_Cup_Speed_Skating_#3;1000m_Women_Juniors;JPN;1000;start;01:00:00;12.4;-6.8;35.3;;
YS_Arena_Hachinohe;Hachinohe_City;40.510367;141.482789;2024-02-03;ISU_Junior_World_Cup_Speed_Skating_#3;1000m_Women_Juniors;JPN;1000;end;01:27:00;12.4;-6.8;35.3;;
YS_Arena_Hachinohe;Hachinohe_City;40.510367;141.482789;2024-02-03;ISU_Junior_World_Cup_Speed_Skating_#3;1000m_Women_Neo-seniors;JPN;1000;start;01:29:00;12.3;-7.4;36.1;;
YS_Arena_Hachinohe;Hachinohe_City;40.510367;141.482789;2024-02-03;ISU_Junior_World_Cup_Speed_Skating_#3;1000m_Women_Neo-seniors;JPN;1000;end;01:33:00;12.3;-7.4;36.1;;
YS_Arena_Hachinohe;Hachinohe_City;40.510367;141.482789;2024-02-03;ISU_Junior_World_Cup_Speed_Skating_#3;1000m_Men_Juniors;JPN;1000;start;01:55:00;12.3;-6.5;36.8;;
YS_Arena_Hachinohe;Hachinohe_City;40.510367;141.482789;2024-02-03;ISU_Junior_World_Cup_Speed_Skating_#3;1000m_Men_Juniors;JPN;1000;end;02:20:00;12.3;-6.5;36.8;;
YS_Arena_Hachinohe;Hachinohe_City;40.510367;141.482789;2024-02-03;ISU_Junior_World_Cup_Speed_Skating_#3;1000m_Men_Neo-seniors;JPN;1000;start;02:25:00;12.2;-7.3;36.8;;
YS_Arena_Hachinohe;Hachinohe_City;40.510367;141.482789;2024-02-03;ISU_Junior_World_Cup_Speed_Skating_#3;1000m_Men_Neo-seniors;JPN;1000;end;02:28:00;12.2;-7.3;36.8;;
YS_Arena_Hachinohe;Hachinohe_City;40.510367;141.482789;2024-02-03;ISU_Junior_World_Cup_Speed_Skating_#3;3000m_Women_Juniors;JPN;3000;start;03:57:00;12.2;-7.0;35.7;;
YS_Arena_Hachinohe;Hachinohe_City;40.510367;141.482789;2024-02-03;ISU_Junior_World_Cup_Speed_Skating_#3;3000m_Women_Juniors;JPN;3000;end;04:32:00;12.2;-7.0;35.7;;
YS_Arena_Hachinohe;Hachinohe_City;40.510367;141.482789;2024-02-03;ISU_Junior_World_Cup_Speed_Skating_#3;3000m_Women_Neo-seniors;JPN;3000;start;04:39:00;12.2;-7.7;36.8;;
YS_Arena_Hachinohe;Hachinohe_City;40.510367;141.482789;2024-02-03;ISU_Junior_World_Cup_Speed_Skating_#3;3000m_Women_Neo-seniors;JPN;3000;end;04:43:00;12.2;-7.7;36.8;;
YS_Arena_Hachinohe;Hachinohe_City;40.510367;141.482789;2024-02-03;ISU_Junior_World_Cup_Speed_Skating_#3;3000m_Men_Juniors;JPN;3000;start;05:05:00;12.3;-7.0;37.3;;
YS_Arena_Hachinohe;Hachinohe_City;40.510367;141.482789;2024-02-03;ISU_Junior_World_Cup_Speed_Skating_#3;3000m_Men_Juniors;JPN;3000;end;05:46:00;12.3;-7.0;37.3;;
YS_Arena_Hachinohe;Hachinohe_City;40.510367;141.482789;2024-02-03;ISU_Junior_World_Cup_Speed_Skating_#3;3000m_Men_Neo-seniors;JPN;3000;start;05:51:00;12.2;-7.5;37.6;;
YS_Arena_Hachinohe;Hachinohe_City;40.510367;141.482789;2024-02-03;ISU_Junior_World_Cup_Speed_Skating_#3;3000m_Men_Neo-seniors;JPN;3000;end;05:55:00;12.2;-7.5;37.6;;
YS_Arena_Hachinohe;Hachinohe_City;40.510367;141.482789;2024-02-04;ISU_Junior_World_Cup_Speed_Skating_#3;500m_Women_Juniors;JPN;500;start;01:54:00;12.4;-6.5;37.8;;
YS_Arena_Hachinohe;Hachinohe_City;40.510367;141.482789;2024-02-04;ISU_Junior_World_Cup_Speed_Skating_#3;500m_Women_Juniors;JPN;500;end;02:20:00;12.4;-6.5;37.8;;
YS_Arena_Hachinohe;Hachinohe_City;40.510367;141.482789;2024-02-04;ISU_Junior_World_Cup_Speed_Skating_#3;500m_Women_Neo-seniors;JPN;500;start;02:25:00;12.4;-7.3;38.2;;
YS_Arena_Hachinohe;Hachinohe_City;40.510367;141.482789;2024-02-04;ISU_Junior_World_Cup_Speed_Skating_#3;500m_Women_Neo-seniors;JPN;500;end;02:29:00;12.4;-7.3;38.2;;
YS_Arena_Hachinohe;Hachinohe_City;40.510367;141.482789;2024-02-04;ISU_Junior_World_Cup_Speed_Skating_#3;500m_Men_Juniors;JPN;500;start;02:50:00;4.7;-6.7;37.2;;
YS_Arena_Hachinohe;Hachinohe_City;40.510367;141.482789;2024-02-04;ISU_Junior_World_Cup_Speed_Skating_#3;500m_Men_Juniors;JPN;500;end;03:17:00;4.7;-6.7;37.2;;
YS_Arena_Hachinohe;Hachinohe_City;40.510367;141.482789;2024-02-04;ISU_Junior_World_Cup_Speed_Skating_#3;500m_Men_Neo-seniors;JPN;500;start;03:21:00;12.5;-7.3;38.2;;
YS_Arena_Hachinohe;Hachinohe_City;40.510367;141.482789;2024-02-04;ISU_Junior_World_Cup_Speed_Skating_#3;500m_Men_Neo-seniors;JPN;500;end;03:24:00;12.5;-7.3;38.2;;
YS_Arena_Hachinohe;Hachinohe_City;40.510367;141.482789;2024-02-04;ISU_Junior_World_Cup_Speed_Skating_#3;1500m_Women_Juniors;JPN;1500;start;04:41:00;12.5;-6.7;38.2;;
YS_Arena_Hachinohe;Hachinohe_City;40.510367;141.482789;2024-02-04;ISU_Junior_World_Cup_Speed_Skating_#3;1500m_Women_Juniors;JPN;1500;end;05:10:00;12.5;-6.7;38.2;;
YS_Arena_Hachinohe;Hachinohe_City;40.510367;141.482789;2024-02-04;ISU_Junior_World_Cup_Speed_Skating_#3;1500m_Women_Neo-seniors;JPN;1500;start;05:12:00;12.4;-7.4;38.4;;
YS_Arena_Hachinohe;Hachinohe_City;40.510367;141.482789;2024-02-04;ISU_Junior_World_Cup_Speed_Skating_#3;1500m_Women_Neo-seniors;JPN;1500;end;05:18:00;12.4;-7.4;38.4;;
YS_Arena_Hachinohe;Hachinohe_City;40.510367;141.482789;2024-02-04;ISU_Junior_World_Cup_Speed_Skating_#3;1500m_Men_Juniors;JPN;1500;start;05:40:00;12.4;-6.8;38.5;;
YS_Arena_Hachinohe;Hachinohe_City;40.510367;141.482789;2024-02-04;ISU_Junior_World_Cup_Speed_Skating_#3;1500m_Men_Juniors;JPN;1500;end;06:05:00;12.4;-6.8;38.5;;
YS_Arena_Hachinohe;Hachinohe_City;40.510367;141.482789;2024-02-04;ISU_Junior_World_Cup_Speed_Skating_#3;1500m_Men_Neo-seniors;JPN;1500;start;06:08:00;12.4;-7.2;38.7;;
YS_Arena_Hachinohe;Hachinohe_City;40.510367;141.482789;2024-02-04;ISU_Junior_World_Cup_Speed_Skating_#3;1500m_Men_Neo-seniors;JPN;1500;end;06:13:00;12.4;-7.2;38.7;;
Utah_Olympic_Oval;Salt_Lake_City;40.647890;-112.008573;2024-01-26;ISU_World_Cup_Speed_Skating_#5;1st_1000m_Women_Division_B;USA;1000;start;16:30:00;16.1;-11.4;28.0;;
Utah_Olympic_Oval;Salt_Lake_City;40.647890;-112.008573;2024-01-26;ISU_World_Cup_Speed_Skating_#5;1st_1000m_Women_Division_B;USA;1000;end;17:03:00;16.1;-11.4;28.0;;
Utah_Olympic_Oval;Salt_Lake_City;40.647890;-112.008573;2024-01-26;ISU_World_Cup_Speed_Skating_#5;1st_1000m_Men_Division_B;USA;1000;start;17:17:00;16.1;-11.4;28.0;;
Utah_Olympic_Oval;Salt_Lake_City;40.647890;-112.008573;2024-01-26;ISU_World_Cup_Speed_Skating_#5;1st_1000m_Men_Division_B;USA;1000;end;17:52:00;16.1;-11.4;28.0;;
Utah_Olympic_Oval;Salt_Lake_City;40.647890;-112.008573;2024-01-26;ISU_World_Cup_Speed_Skating_#5;1st_1000m_Women_Division_A;USA;1000;start;19:30:00;16.6;-11.0;27.0;;
Utah_Olympic_Oval;Salt_Lake_City;40.647890;-112.008573;2024-01-26;ISU_World_Cup_Speed_Skating_#5;1st_1000m_Women_Division_A;USA;1000;end;19:58:00;16.6;-11.0;27.0;;
Utah_Olympic_Oval;Salt_Lake_City;40.647890;-112.008573;2024-01-26;ISU_World_Cup_Speed_Skating_#5;1st_1000m_Men_Division_A;USA;1000;start;20:05:00;16.6;-11.0;27.0;;
Utah_Olympic_Oval;Salt_Lake_City;40.647890;-112.008573;2024-01-26;ISU_World_Cup_Speed_Skating_#5;1st_1000m_Men_Division_A;USA;1000;end;20:32:00;16.6;-11.0;27.0;;
Utah_Olympic_Oval;Salt_Lake_City;40.647890;-112.008573;2024-01-26;ISU_World_Cup_Speed_Skating_#5;3000m_Women_Division_A;USA;3000;start;20:48:00;16.6;-11.0;27.0;;
Utah_Olympic_Oval;Salt_Lake_City;40.647890;-112.008573;2024-01-26;ISU_World_Cup_Speed_Skating_#5;3000m_Women_Division_A;USA;3000;end;21:32:00;16.6;-11.0;27.0;;
Utah_Olympic_Oval;Salt_Lake_City;40.647890;-112.008573;2024-01-26;ISU_World_Cup_Speed_Skating_#5;3000m_Women_Division_B;USA;3000;start;23:10:00;16.6;-11.0;27.0;;
Utah_Olympic_Oval;Salt_Lake_City;40.647890;-112.008573;2024-01-26;ISU_World_Cup_Speed_Skating_#5;3000m_Women_Division_B;USA;3000;end;23:51:00;16.6;-11.0;27.0;;
Utah_Olympic_Oval;Salt_Lake_City;40.647890;-112.008573;2024-01-27;ISU_World_Cup_Speed_Skating_#5;1500m_Men_Division_B;USA;1500;start;16:15:00;16.1;-11.9;29.0;;
Utah_Olympic_Oval;Salt_Lake_City;40.647890;-112.008573;2024-01-27;ISU_World_Cup_Speed_Skating_#5;1500m_Men_Division_B;USA;1500;end;17:01:00;16.1;-11.9;29.0;;
Utah_Olympic_Oval;Salt_Lake_City;40.647890;-112.008573;2024-01-27;ISU_World_Cup_Speed_Skating_#5;500m_Women_Division_B;USA;500;start;17:23:00;16.1;-11.9;29.0;;
Utah_Olympic_Oval;Salt_Lake_City;40.647890;-112.008573;2024-01-27;ISU_World_Cup_Speed_Skating_#5;500m_Women_Division_B;USA;500;end;17:47:00;16.1;-11.9;29.0;;
Utah_Olympic_Oval;Salt_Lake_City;40.647890;-112.008573;2024-01-27;ISU_World_Cup_Speed_Skating_#5;1500m_Men_Division_A;USA;1500;start;19:00:00;16.1;-11.9;29.0;;
Utah_Olympic_Oval;Salt_Lake_City;40.647890;-112.008573;2024-01-27;ISU_World_Cup_Speed_Skating_#5;1500m_Men_Division_A;USA;1500;end;19:32:00;16.6;-10.9;26.5;;
Utah_Olympic_Oval;Salt_Lake_City;40.647890;-112.008573;2024-01-27;ISU_World_Cup_Speed_Skating_#5;500m_Women_Division_A;USA;500;start;19:40:00;16.6;-10.9;26.5;;
Utah_Olympic_Oval;Salt_Lake_City;40.647890;-112.008573;2024-01-27;ISU_World_Cup_Speed_Skating_#5;500m_Women_Division_A;USA;500;end;20:02:00;16.6;-10.9;26.5;;
Utah_Olympic_Oval;Salt_Lake_City;40.647890;-112.008573;2024-01-27;ISU_World_Cup_Speed_Skating_#5;1500m_Women_Division_A;USA;1500;start;20:20:00;16.6;-10.6;28.5;;
Utah_Olympic_Oval;Salt_Lake_City;40.647890;-112.008573;2024-01-27;ISU_World_Cup_Speed_Skating_#5;1500m_Women_Division_A;USA;1500;end;20:54:00;16.6;-10.6;28.5;;
Utah_Olympic_Oval;Salt_Lake_City;40.647890;-112.008573;2024-01-27;ISU_World_Cup_Speed_Skating_#5;500m_Men_Division_A;USA;500;start;21:02:00;16.6;-10.6;28.5;;
Utah_Olympic_Oval;Salt_Lake_City;40.647890;-112.008573;2024-01-27;ISU_World_Cup_Speed_Skating_#5;500m_Men_Division_A;USA;500;end;21:24:00;16.6;-10.4;28.8;;
Utah_Olympic_Oval;Salt_Lake_City;40.647890;-112.008573;2024-01-28;ISU_World_Cup_Speed_Skating_#5;1500m_Women_Division_B;USA;1500;start;00:00:00;16.6;-10.4;28.8;;
Utah_Olympic_Oval;Salt_Lake_City;40.647890;-112.008573;2024-01-28;ISU_World_Cup_Speed_Skating_#5;1500m_Women_Division_B;USA;1500;end;00:30:00;16.6;-10.4;28.8;;
Utah_Olympic_Oval;Salt_Lake_City;40.647890;-112.008573;2024-01-28;ISU_World_Cup_Speed_Skating_#5;500m_Men_Division_B;USA;500;start;00:47:00;16.6;-10.4;28.8;;
Utah_Olympic_Oval;Salt_Lake_City;40.647890;-112.008573;2024-01-28;ISU_World_Cup_Speed_Skating_#5;500m_Men_Division_B;USA;500;end;01:14:00;16.6;-10.4;28.8;;
Utah_Olympic_Oval;Salt_Lake_City;40.647890;-112.008573;2024-01-28;ISU_World_Cup_Speed_Skating_#5;2nd_1000m_Women_Division_B;USA;1000;start;16:00:00;16.0;-9.9;28.0;;
Utah_Olympic_Oval;Salt_Lake_City;40.647890;-112.008573;2024-01-28;ISU_World_Cup_Speed_Skating_#5;2nd_1000m_Women_Division_B;USA;1000;end;16:32:00;16.0;-9.9;28.0;;
Utah_Olympic_Oval;Salt_Lake_City;40.647890;-112.008573;2024-01-28;ISU_World_Cup_Speed_Skating_#5;2nd_1000m_Men_Division_B;USA;1000;start;16:47:00;16.0;-9.9;28.0;;
Utah_Olympic_Oval;Salt_Lake_City;40.647890;-112.008573;2024-01-28;ISU_World_Cup_Speed_Skating_#5;2nd_1000m_Men_Division_B;USA;1000;end;17:23:00;16.0;-9.9;28.0;;
Utah_Olympic_Oval;Salt_Lake_City;40.647890;-112.008573;2024-01-28;ISU_World_Cup_Speed_Skating_#5;2nd_1000m_Women_Division_A;USA;1000;start;19:00:00;17.0;-10.1;27.0;;
Utah_Olympic_Oval;Salt_Lake_City;40.647890;-112.008573;2024-01-28;ISU_World_Cup_Speed_Skating_#5;2nd_1000m_Women_Division_A;USA;1000;end;19:27:00;17.0;-10.1;27.0;;
Utah_Olympic_Oval;Salt_Lake_City;40.647890;-112.008573;2024-01-28;ISU_World_Cup_Speed_Skating_#5;2nd_1000m_Men_Division_A;USA;1000;start;19:35:00;17.0;-10.1;27.0;;
Utah_Olympic_Oval;Salt_Lake_City;40.647890;-112.008573;2024-01-28;ISU_World_Cup_Speed_Skating_#5;2nd_1000m_Men_Division_A;USA;1000;end;20:01:00;17.0;-10.1;27.0;;
Utah_Olympic_Oval;Salt_Lake_City;40.647890;-112.008573;2024-01-28;ISU_World_Cup_Speed_Skating_#5;5000m_Men_Division_A;USA;5000;start;20:22:00;17.0;-10.1;27.0;;
Utah_Olympic_Oval;Salt_Lake_City;40.647890;-112.008573;2024-01-28;ISU_World_Cup_Speed_Skating_#5;5000m_Men_Division_A;USA;5000;end;21:23:00;17.0;-10.1;27.0;;
Utah_Olympic_Oval;Salt_Lake_City;40.647890;-112.008573;2024-01-28;ISU_World_Cup_Speed_Skating_#5;5000m_Men_Division_B;USA;5000;start;23:36:00;17.0;-10.1;27.0;;
Utah_Olympic_Oval;Salt_Lake_City;40.647890;-112.008573;2024-01-29;ISU_World_Cup_Speed_Skating_#5;5000m_Men_Division_B;USA;5000;end;01:13:00;17.0;-10.1;27.0;;
Centre_de_Glaces;Quebec;46.770790;71.301380;2024-02-02;ISU_World_Cup_Speed_Skating_#6;1000m_Women_Division_B;CAN;1000;start;15:01:00;16.0;-8.3;31.4;;
Centre_de_Glaces;Quebec;46.770790;71.301380;2024-02-02;ISU_World_Cup_Speed_Skating_#6;1000m_Women_Division_B;CAN;1000;end;15:21:00;16.3;-8.5;31.1;;
Centre_de_Glaces;Quebec;46.770790;71.301380;2024-02-02;ISU_World_Cup_Speed_Skating_#6;1000m_Men_Division_B;CAN;1000;start;15:45:00;16.6;-7.5;30.7;;
Centre_de_Glaces;Quebec;46.770790;71.301380;2024-02-02;ISU_World_Cup_Speed_Skating_#6;1000m_Men_Division_B;CAN;1000;end;16:14:00;16.4;-8.2;31.6;;
Centre_de_Glaces;Quebec;46.770790;71.301380;2024-02-02;ISU_World_Cup_Speed_Skating_#6;3000m_Women_Division_B;CAN;3000;start;16:38:00;16.3;-7.7;31.9;;
Centre_de_Glaces;Quebec;46.770790;71.301380;2024-02-02;ISU_World_Cup_Speed_Skating_#6;3000m_Women_Division_B;CAN;3000;end;17:11:00;15.9;-8.0;32.6;;
Centre_de_Glaces;Quebec;46.770790;71.301380;2024-02-02;ISU_World_Cup_Speed_Skating_#6;1000m_Women_Division_A;CAN;1000;start;18:30:00;15.5;-8.6;34.5;;
Centre_de_Glaces;Quebec;46.770790;71.301380;2024-02-02;ISU_World_Cup_Speed_Skating_#6;1000m_Women_Division_A;CAN;1000;end;18:54:00;15.5;-8.9;35.4;;
Centre_de_Glaces;Quebec;46.770790;71.301380;2024-02-02;ISU_World_Cup_Speed_Skating_#6;1000m_Men_Division_A;CAN;1000;start;19:04:00;15.4;-9.2;35.5;;
Centre_de_Glaces;Quebec;46.770790;71.301380;2024-02-02;ISU_World_Cup_Speed_Skating_#6;1000m_Men_Division_A;CAN;1000;end;19:31:00;15.2;-9.3;36.1;;
Centre_de_Glaces;Quebec;46.770790;71.301380;2024-02-02;ISU_World_Cup_Speed_Skating_#6;3000m_Women_Division_A;CAN;3000;start;19:57:00;15.2;-8.9;36.0;;
Centre_de_Glaces;Quebec;46.770790;71.301380;2024-02-02;ISU_World_Cup_Speed_Skating_#6;3000m_Women_Division_A;CAN;3000;end;20:42:00;15.1;-9.2;36.0;;
Centre_de_Glaces;Quebec;46.770790;71.301380;2024-02-02;ISU_World_Cup_Speed_Skating_#6;5000m_Men_Division_A;CAN;5000;start;20:59:00;15.2;-8.1;35.8;;
Centre_de_Glaces;Quebec;46.770790;71.301380;2024-02-02;ISU_World_Cup_Speed_Skating_#6;5000m_Men_Division_A;CAN;5000;end;22:03:00;15.6;-9.0;35.0;;
Centre_de_Glaces;Quebec;46.770790;71.301380;2024-02-02;ISU_World_Cup_Speed_Skating_#6;5000m_Men_Division_B;CAN;5000;start;23:05:00;15.5;-7.0;34.9;;
Centre_de_Glaces;Quebec;46.770790;71.301380;2024-02-02;ISU_World_Cup_Speed_Skating_#6;5000m_Men_Division_B;CAN;5000;end;23:59:00;15.3;-7.8;35.0;;
Centre_de_Glaces;Quebec;46.770790;71.301380;2024-02-03;ISU_World_Cup_Speed_Skating_#6;1500m_Men_Division_B;CAN;1500;start;15:53:00;15.2;-8.4;29.0;;
Centre_de_Glaces;Quebec;46.770790;71.301380;2024-02-03;ISU_World_Cup_Speed_Skating_#6;1500m_Men_Division_B;CAN;1500;end;16:31:00;15.4;-8.9;29.5;;
Centre_de_Glaces;Quebec;46.770790;71.301380;2024-02-03;ISU_World_Cup_Speed_Skating_#6;1st_500m_Women_Division_B;CAN;500;start;16:56:00;15.9;-8.2;29.0;;
Centre_de_Glaces;Quebec;46.770790;71.301380;2024-02-03;ISU_World_Cup_Speed_Skating_#6;1st_500m_Women_Division_B;CAN;500;end;17:12:00;16.0;-8.7;29.1;;
Centre_de_Glaces;Quebec;46.770790;71.301380;2024-02-03;ISU_World_Cup_Speed_Skating_#6;1st_500m_Men_Division_B;CAN;500;start;17:24:00;16.1;-9.1;29.3;;
Centre_de_Glaces;Quebec;46.770790;71.301380;2024-02-03;ISU_World_Cup_Speed_Skating_#6;1st_500m_Men_Division_B;CAN;500;end;17:48:00;16.1;-9.2;29.8;;
Centre_de_Glaces;Quebec;46.770790;71.301380;2024-02-03;ISU_World_Cup_Speed_Skating_#6;1500m_Men_Division_A;CAN;1500;start;19:30:00;15.7;-8.5;31.9;;
Centre_de_Glaces;Quebec;46.770790;71.301380;2024-02-03;ISU_World_Cup_Speed_Skating_#6;1500m_Men_Division_A;CAN;1500;end;20:03:00;15.4;-8.8;33.0;;
Centre_de_Glaces;Quebec;46.770790;71.301380;2024-02-03;ISU_World_Cup_Speed_Skating_#6;1st_500m_Women_Division_A;CAN;500;start;20:21:00;15.3;-7.8;33.5;;
Centre_de_Glaces;Quebec;46.770790;71.301380;2024-02-03;ISU_World_Cup_Speed_Skating_#6;1st_500m_Women_Division_A;CAN;500;end;20:43:00;15.1;-8.9;34.4;;
Centre_de_Glaces;Quebec;46.770790;71.301380;2024-02-03;ISU_World_Cup_Speed_Skating_#6;1st_500m_Men_Division_A;CAN;500;start;20:51:00;15.1;-9.1;34.7;;
Centre_de_Glaces;Quebec;46.770790;71.301380;2024-02-03;ISU_World_Cup_Speed_Skating_#6;1st_500m_Men_Division_A;CAN;500;end;21:12:00;14.9;-9.5;35.1;;
Centre_de_Glaces;Quebec;46.770790;71.301380;2024-02-04;ISU_World_Cup_Speed_Skating_#6;1500m_Women_Division_B;CAN;1500;start;16:05:00;15.2;-8.6;28.8;;
Centre_de_Glaces;Quebec;46.770790;71.301380;2024-02-04;ISU_World_Cup_Speed_Skating_#6;1500m_Women_Division_B;CAN;1500;end;16:32:00;15.6;-9.2;28.6;;
Centre_de_Glaces;Quebec;46.770790;71.301380;2024-02-04;ISU_World_Cup_Speed_Skating_#6;2nd_500m_Men_Division_B;CAN;500;start;16:54:00;16.0;-8.5;28.6;;
Centre_de_Glaces;Quebec;46.770790;71.301380;2024-02-04;ISU_World_Cup_Speed_Skating_#6;2nd_500m_Men_Division_B;CAN;500;end;17:16:00;16.0;-8.9;29.0;;
Centre_de_Glaces;Quebec;46.770790;71.301380;2024-02-04;ISU_World_Cup_Speed_Skating_#6;2nd_500m_Women_Division_B;CAN;500;start;17:28:00;16.2;-9.3;28.8;;
Centre_de_Glaces;Quebec;46.770790;71.301380;2024-02-04;ISU_World_Cup_Speed_Skating_#6;2nd_500m_Women_Division_B;CAN;500;end;17:43:00;16.3;-9.2;28.8;;
Centre_de_Glaces;Quebec;46.770790;71.301380;2024-02-04;ISU_World_Cup_Speed_Skating_#6;1500m_Women_Division_A;CAN;1500;start;19:30:00;15.8;-8.7;30.9;;
Centre_de_Glaces;Quebec;46.770790;71.301380;2024-02-04;ISU_World_Cup_Speed_Skating_#6;1500m_Women_Division_A;CAN;1500;end;20:05:00;15.6;-9.2;31.9;;
Centre_de_Glaces;Quebec;46.770790;71.301380;2024-02-04;ISU_World_Cup_Speed_Skating_#6;2nd_500m_Men_Division_A;CAN;500;start;20:22:00;15.6;-8.1;32.4;;
Centre_de_Glaces;Quebec;46.770790;71.301380;2024-02-04;ISU_World_Cup_Speed_Skating_#6;2nd_500m_Men_Division_A;CAN;500;end;20:43:00;15.5;-8.8;32.9;;
Centre_de_Glaces;Quebec;46.770790;71.301380;2024-02-04;ISU_World_Cup_Speed_Skating_#6;2nd_500m_Women_Division_A;CAN;500;start;20:52:00;15.4;-9.1;33.0;;
Centre_de_Glaces;Quebec;46.770790;71.301380;2024-02-04;ISU_World_Cup_Speed_Skating_#6;2nd_500m_Women_Division_A;CAN;500;end;21:13:00;15.2;-9.5;33.4;;
Ritten_Arena;Collalbo;46.539044;11.454784;2023-12-02;ISU_Junior_World_Cup_Speed_Skating_#2;1000m_Women_Juniors;ITA;1000;start;09:00:00;0.0;-6.5;77.0;;
Ritten_Arena;Collalbo;46.539044;11.454784;2023-12-02;ISU_Junior_World_Cup_Speed_Skating_#2;1000m_Women_Juniors;ITA;1000;end;10:08:00;0.0;-6.5;77.0;;
Ritten_Arena;Collalbo;46.539044;11.454784;2023-12-02;ISU_Junior_World_Cup_Speed_Skating_#2;1000m_Men_Juniors;ITA;1000;start;10:22:00;0.0;-6.5;85.0;;
Ritten_Arena;Collalbo;46.539044;11.454784;2023-12-02;ISU_Junior_World_Cup_Speed_Skating_#2;1000m_Men_Juniors;ITA;1000;end;11:12:00;0.0;-6.5;85.0;;
Ritten_Arena;Collalbo;46.539044;11.454784;2023-12-02;ISU_Junior_World_Cup_Speed_Skating_#2;1000m_Women_Neo-seniors;ITA;1000;start;11:34:00;0.0;-6.5;83.0;;
Ritten_Arena;Collalbo;46.539044;11.454784;2023-12-02;ISU_Junior_World_Cup_Speed_Skating_#2;1000m_Women_Neo-seniors;ITA;1000;end;11:44:00;0.0;-6.5;81.0;;
Ritten_Arena;Collalbo;46.539044;11.454784;2023-12-02;ISU_Junior_World_Cup_Speed_Skating_#2;1000m_Men_Neo-seniors;ITA;1000;start;11:47:00;0.0;-6.5;75.0;;
Ritten_Arena;Collalbo;46.539044;11.454784;2023-12-02;ISU_Junior_World_Cup_Speed_Skating_#2;1000m_Men_Neo-seniors;ITA;1000;end;12:07:00;-1.0;-6.5;71.0;;
Ritten_Arena;Collalbo;46.539044;11.454784;2023-12-02;ISU_Junior_World_Cup_Speed_Skating_#2;3000m_Women_Juniors;ITA;3000;start;12:25:00;-1.0;-6.5;64.0;;
Ritten_Arena;Collalbo;46.539044;11.454784;2023-12-02;ISU_Junior_World_Cup_Speed_Skating_#2;3000m_Women_Juniors;ITA;3000;end;13:07:00;-1.0;-6.5;58.0;;
Ritten_Arena;Collalbo;46.539044;11.454784;2023-12-02;ISU_Junior_World_Cup_Speed_Skating_#2;3000m_Men_Juniors;ITA;3000;start;13:23:00;-1.0;-6.5;58.0;;
Ritten_Arena;Collalbo;46.539044;11.454784;2023-12-02;ISU_Junior_World_Cup_Speed_Skating_#2;3000m_Men_Juniors;ITA;3000;end;14:14:00;0.0;-6.5;53.0;;
Ritten_Arena;Collalbo;46.539044;11.454784;2023-12-02;ISU_Junior_World_Cup_Speed_Skating_#2;3000m_Women_Neo-seniors;ITA;3000;start;14:23:00;0.0;-6.5;53.0;;
Ritten_Arena;Collalbo;46.539044;11.454784;2023-12-02;ISU_Junior_World_Cup_Speed_Skating_#2;3000m_Women_Neo-seniors;ITA;3000;end;14:55:00;0.0;-6.5;53.0;;
Ritten_Arena;Collalbo;46.539044;11.454784;2023-12-02;ISU_Junior_World_Cup_Speed_Skating_#2;3000m_Men_Neo-seniors;ITA;3000;start;14:58:00;-1.0;-6.5;53.0;;
Ritten_Arena;Collalbo;46.539044;11.454784;2023-12-02;ISU_Junior_World_Cup_Speed_Skating_#2;3000m_Men_Neo-seniors;ITA;3000;end;15:23:00;-1.0;-6.5;48.0;;
Ritten_Arena;Collalbo;46.539044;11.454784;2023-12-03;ISU_Junior_World_Cup_Speed_Skating_#2;500m_Women_Juniors;ITA;500;start;09:48:00;1.0;-8.0;44.0;;
Ritten_Arena;Collalbo;46.539044;11.454784;2023-12-03;ISU_Junior_World_Cup_Speed_Skating_#2;500m_Women_Juniors;ITA;500;end;10:26:00;1.0;-8.0;44.0;;
Ritten_Arena;Collalbo;46.539044;11.454784;2023-12-03;ISU_Junior_World_Cup_Speed_Skating_#2;500m_Men_Juniors;ITA;500;start;10:52:00;1.0;-8.0;38.0;;
Ritten_Arena;Collalbo;46.539044;11.454784;2023-12-03;ISU_Junior_World_Cup_Speed_Skating_#2;500m_Men_Juniors;ITA;500;end;11:40:00;1.0;-8.0;48.0;;
Ritten_Arena;Collalbo;46.539044;11.454784;2023-12-03;ISU_Junior_World_Cup_Speed_Skating_#2;500m_Women_Neo-seniors;ITA;500;start;12:00:00;1.0;-8.0;48.0;;
Ritten_Arena;Collalbo;46.539044;11.454784;2023-12-03;ISU_Junior_World_Cup_Speed_Skating_#2;500m_Women_Neo-seniors;ITA;500;end;12:10:00;2.0;-8.0;48.0;;
Ritten_Arena;Collalbo;46.539044;11.454784;2023-12-03;ISU_Junior_World_Cup_Speed_Skating_#2;500m_Men_Neo-seniors;ITA;500;start;12:17:00;2.0;-8.0;48.0;;
Ritten_Arena;Collalbo;46.539044;11.454784;2023-12-03;ISU_Junior_World_Cup_Speed_Skating_#2;500m_Men_Neo-seniors;ITA;500;end;12:33:00;2.0;-8.0;48.0;;
Ritten_Arena;Collalbo;46.539044;11.454784;2023-12-03;ISU_Junior_World_Cup_Speed_Skating_#2;1500m_Women_Juniors;ITA;1500;start;12:55:00;2.0;-8.0;48.0;;
Ritten_Arena;Collalbo;46.539044;11.454784;2023-12-03;ISU_Junior_World_Cup_Speed_Skating_#2;1500m_Women_Juniors;ITA;1500;end;13:33:00;2.0;-8.0;48.0;;
Ritten_Arena;Collalbo;46.539044;11.454784;2023-12-03;ISU_Junior_World_Cup_Speed_Skating_#2;1500m_Men_Juniors;ITA;1500;start;13:55:00;2.0;-8.0;48.0;;
Ritten_Arena;Collalbo;46.539044;11.454784;2023-12-03;ISU_Junior_World_Cup_Speed_Skating_#2;1500m_Men_Juniors;ITA;1500;end;14:36:00;2.0;-8.0;48.0;;
Ritten_Arena;Collalbo;46.539044;11.454784;2023-12-03;ISU_Junior_World_Cup_Speed_Skating_#2;1500m_Women_Neo-seniors;ITA;1500;start;15:02:00;-1.0;-8.0;52.0;;
Ritten_Arena;Collalbo;46.539044;11.454784;2023-12-03;ISU_Junior_World_Cup_Speed_Skating_#2;1500m_Women_Neo-seniors;ITA;1500;end;15:15:00;-2.0;-8.0;62.0;;
Ritten_Arena;Collalbo;46.539044;11.454784;2023-12-03;ISU_Junior_World_Cup_Speed_Skating_#2;1500m_Men_Neo-seniors;ITA;1500;start;15:20:00;-2.0;-8.0;62.0;;
Ritten_Arena;Collalbo;46.539044;11.454784;2023-12-03;ISU_Junior_World_Cup_Speed_Skating_#2;1500m_Men_Neo-seniors;ITA;1500;end;15:37:00;-3.0;-8.0;65.0;;
Thialf;Heerenveen;52.938399;5.942384;2023-03-02;ISU_World_Speed_Skating_Championships;3000m_Women;NED;3000;start;17:20:00;15.7;-8.8;82.0;;
Thialf;Heerenveen;52.938399;5.942384;2023-03-02;ISU_World_Speed_Skating_Championships;3000m_Women;NED;3000;end;18:14:00;15.7;-8.8;82.0;;
Thialf;Heerenveen;52.938399;5.942384;2023-03-02;ISU_World_Speed_Skating_Championships;5000m_Men;NED;5000;start;18:35:00;15.7;-8.8;45.0;;
Thialf;Heerenveen;52.938399;5.942384;2023-03-02;ISU_World_Speed_Skating_Championships;5000m_Men;NED;5000;end;20:02:00;15.7;-8.8;45.0;;
Thialf;Heerenveen;52.938399;5.942384;2023-03-03;ISU_World_Speed_Skating_Championships;500m_Men;NED;500;start;19:14:00;15.2;-8.8;41.9;;
Thialf;Heerenveen;52.938399;5.942384;2023-03-03;ISU_World_Speed_Skating_Championships;500m_Men;NED;500;end;19:36:00;15.2;-8.8;41.9;;
Thialf;Heerenveen;52.938399;5.942384;2023-03-03;ISU_World_Speed_Skating_Championships;500m_Women;NED;500;start;19:53:00;15.2;-8.8;41.9;;
Thialf;Heerenveen;52.938399;5.942384;2023-03-03;ISU_World_Speed_Skating_Championships;500m_Women;NED;500;end;20:17:00;15.2;-8.8;41.9;;
Thialf;Heerenveen;52.938399;5.942384;2023-03-04;ISU_World_Speed_Skating_Championships;1000m_Men;NED;1000;start;14:14:00;15.1;-8.8;45.0;;
Thialf;Heerenveen;52.938399;5.942384;2023-03-04;ISU_World_Speed_Skating_Championships;1000m_Men;NED;1000;end;14:42:00;15.1;-8.8;45.0;;
Thialf;Heerenveen;52.938399;5.942384;2023-03-04;ISU_World_Speed_Skating_Championships;1000m_Women;NED;1000;start;14:57:00;15.1;-8.8;45.0;;
Thialf;Heerenveen;52.938399;5.942384;2023-03-04;ISU_World_Speed_Skating_Championships;1000m_Women;NED;1000;end;15:27:00;15.1;-8.8;45.0;;
Thialf;Heerenveen;52.938399;5.942384;2023-03-05;ISU_World_Speed_Skating_Championships;1500m_Men;NED;1500;start;11:45:00;15.4;-8.8;43.5;;
Thialf;Heerenveen;52.938399;5.942384;2023-03-05;ISU_World_Speed_Skating_Championships;1500m_Men;NED;1500;end;12:22:00;15.4;-8.8;43.5;;
Thialf;Heerenveen;52.938399;5.942384;2023-03-05;ISU_World_Speed_Skating_Championships;1500m_Women;NED;1500;start;12:45:00;15.4;-8.8;43.5;;
Thialf;Heerenveen;52.938399;5.942384;2023-03-05;ISU_World_Speed_Skating_Championships;1500m_Women;NED;1500;end;13:24:00;15.4;-8.8;43.5;;
Thialf;Heerenveen;52.938399;5.942384;2023-03-05;ISU_World_Speed_Skating_Championships;10000m_Men;NED;10000;start;13:46:00;15.4;-8.8;43.5;;
Thialf;Heerenveen;52.938399;5.942384;2023-03-05;ISU_World_Speed_Skating_Championships;10000m_Men;NED;10000;end;15:25:00;15.4;-8.8;43.5;;
Thialf;Heerenveen;52.938399;5.942384;2023-03-05;ISU_World_Speed_Skating_Championships;5000m_Women;NED;5000;start;15:48:00;15.4;-8.8;43.5;;
Thialf;Heerenveen;52.938399;5.942384;2023-03-05;ISU_World_Speed_Skating_Championships;5000m_Women;NED;5000;end;16:37:00;15.4;-8.8;43.5;;
Vår_Energi_Arena_Sørmarka;Stavanger;58.939465;5.721798;2023-12-01;ISU_World_Cup_Speed_Skating_#3;1000m_Women_Division_B;NOR;1000;start;16:05:00;13.5;-6.5;31.0;;
Vår_Energi_Arena_Sørmarka;Stavanger;58.939465;5.721798;2023-12-01;ISU_World_Cup_Speed_Skating_#3;1000m_Women_Division_B;NOR;1000;end;16:38:00;13.5;-6.5;31.0;;
Vår_Energi_Arena_Sørmarka;Stavanger;58.939465;5.721798;2023-12-01;ISU_World_Cup_Speed_Skating_#3;1000m_Men_Division_B;NOR;1000;start;16:53:00;13.5;-6.5;31.0;;
Vår_Energi_Arena_Sørmarka;Stavanger;58.939465;5.721798;2023-12-01;ISU_World_Cup_Speed_Skating_#3;1000m_Men_Division_B;NOR;1000;end;17:27:00;13.5;-6.5;31.0;;
Vår_Energi_Arena_Sørmarka;Stavanger;58.939465;5.721798;2023-12-01;ISU_World_Cup_Speed_Skating_#3;1000m_Women_Division_A;NOR;1000;start;19:00:00;13.5;-6.5;31.0;;
Vår_Energi_Arena_Sørmarka;Stavanger;58.939465;5.721798;2023-12-01;ISU_World_Cup_Speed_Skating_#3;1000m_Women_Division_A;NOR;1000;end;19:26:00;13.5;-6.5;31.0;;
Vår_Energi_Arena_Sørmarka;Stavanger;58.939465;5.721798;2023-12-01;ISU_World_Cup_Speed_Skating_#3;1000m_Men_Division_A;NOR;1000;start;19:00:00;13.5;-6.5;31.0;;
Vår_Energi_Arena_Sørmarka;Stavanger;58.939465;5.721798;2023-12-01;ISU_World_Cup_Speed_Skating_#3;1000m_Men_Division_A;NOR;1000;end;20:00:00;14.0;-6.3;32.0;;
Vår_Energi_Arena_Sørmarka;Stavanger;58.939465;5.721798;2023-12-02;ISU_World_Cup_Speed_Skating_#3;500m_Men_Division_B;NOR;500;start;08:23:00;13.0;-6.5;33.0;;
Vår_Energi_Arena_Sørmarka;Stavanger;58.939465;5.721798;2023-12-02;ISU_World_Cup_Speed_Skating_#3;500m_Men_Division_B;NOR;500;end;08:45:00;13.0;-6.5;33.0;;
Vår_Energi_Arena_Sørmarka;Stavanger;58.939465;5.721798;2023-12-02;ISU_World_Cup_Speed_Skating_#3;1500m_Women_Division_B;NOR;1500;start;09:01:00;13.0;-6.5;33.0;;
Vår_Energi_Arena_Sørmarka;Stavanger;58.939465;5.721798;2023-12-02;ISU_World_Cup_Speed_Skating_#3;1500m_Women_Division_B;NOR;1500;end;09:45:00;13.0;-6.5;33.0;;
Vår_Energi_Arena_Sørmarka;Stavanger;58.939465;5.721798;2023-12-02;ISU_World_Cup_Speed_Skating_#3;10000m_Men_Division_B;NOR;10000;start;10:03:00;13.0;-6.5;33.0;;
Vår_Energi_Arena_Sørmarka;Stavanger;58.939465;5.721798;2023-12-02;ISU_World_Cup_Speed_Skating_#3;10000m_Men_Division_B;NOR;10000;end;12:15:00;13.0;-6.5;33.0;;
Vår_Energi_Arena_Sørmarka;Stavanger;58.939465;5.721798;2023-12-02;ISU_World_Cup_Speed_Skating_#3;500m_Men_Division_A;NOR;500;start;13:30:00;13.0;-6.5;33.0;;
Vår_Energi_Arena_Sørmarka;Stavanger;58.939465;5.721798;2023-12-02;ISU_World_Cup_Speed_Skating_#3;500m_Men_Division_A;NOR;500;end;13:51:00;13.0;-6.5;33.0;;
Vår_Energi_Arena_Sørmarka;Stavanger;58.939465;5.721798;2023-12-02;ISU_World_Cup_Speed_Skating_#3;1500m_Women_Division_A;NOR;1500;start;14:00:00;13.0;-6.5;33.0;;
Vår_Energi_Arena_Sørmarka;Stavanger;58.939465;5.721798;2023-12-02;ISU_World_Cup_Speed_Skating_#3;1500m_Women_Division_A;NOR;1500;end;14:34:00;13.0;-6.5;33.0;;
Vår_Energi_Arena_Sørmarka;Stavanger;58.939465;5.721798;2023-12-02;ISU_World_Cup_Speed_Skating_#3;10000m_Men_Division_A;NOR;10000;start;14:51:00;13.0;-6.5;33.0;;
Vår_Energi_Arena_Sørmarka;Stavanger;58.939465;5.721798;2023-12-02;ISU_World_Cup_Speed_Skating_#3;10000m_Men_Division_A;NOR;10000;end;16:31:00;13.0;-6.5;33.0;;
Vår_Energi_Arena_Sørmarka;Stavanger;58.939465;5.721798;2023-12-03;ISU_World_Cup_Speed_Skating_#3;1500m_Men_Division_B;NOR;1500;start;09:53:00;13.0;-6.5;36.0;;
Vår_Energi_Arena_Sørmarka;Stavanger;58.939465;5.721798;2023-12-03;ISU_World_Cup_Speed_Skating_#3;1500m_Men_Division_B;NOR;1500;end;10:26:00;13.0;-6.5;36.0;;
Vår_Energi_Arena_Sørmarka;Stavanger;58.939465;5.721798;2023-12-03;ISU_World_Cup_Speed_Skating_#3;500m_Women_Division_B;NOR;500;start;10:44:00;13.0;-6.5;36.0;;
Vår_Energi_Arena_Sørmarka;Stavanger;58.939465;5.721798;2023-12-03;ISU_World_Cup_Speed_Skating_#3;500m_Women_Division_B;NOR;500;end;11:06:00;13.0;-6.5;36.0;;
Vår_Energi_Arena_Sørmarka;Stavanger;58.939465;5.721798;2023-12-03;ISU_World_Cup_Speed_Skating_#3;5000m_Women_Division_B;NOR;5000;start;11:24:00;13.0;-6.5;36.0;;
Vår_Energi_Arena_Sørmarka;Stavanger;58.939465;5.721798;2023-12-03;ISU_World_Cup_Speed_Skating_#3;5000m_Women_Division_B;NOR;5000;end;11:59:00;13.0;-6.5;36.0;;
Vår_Energi_Arena_Sørmarka;Stavanger;58.939465;5.721798;2023-12-03;ISU_World_Cup_Speed_Skating_#3;1500m_Men_Division_A;NOR;1500;start;13:30:00;13.0;-6.5;36.0;;
Vår_Energi_Arena_Sørmarka;Stavanger;58.939465;5.721798;2023-12-03;ISU_World_Cup_Speed_Skating_#3;1500m_Men_Division_A;NOR;1500;end;14:02:00;13.0;-6.5;36.0;;
Vår_Energi_Arena_Sørmarka;Stavanger;58.939465;5.721798;2023-12-03;ISU_World_Cup_Speed_Skating_#3;500m_Women_Division_A;NOR;500;start;14:11:00;13.0;-6.5;36.0;;
Vår_Energi_Arena_Sørmarka;Stavanger;58.939465;5.721798;2023-12-03;ISU_World_Cup_Speed_Skating_#3;500m_Women_Division_A;NOR;500;end;14:32:00;13.0;-6.5;36.0;;
Vår_Energi_Arena_Sørmarka;Stavanger;58.939465;5.721798;2023-12-03;ISU_World_Cup_Speed_Skating_#3;5000m_Women_Division_A;NOR;5000;start;14:50:00;13.0;-6.0;36.0;;
Vår_Energi_Arena_Sørmarka;Stavanger;58.939465;5.721798;2023-12-03;ISU_World_Cup_Speed_Skating_#3;5000m_Women_Division_A;NOR;5000;end;15:40:00;13.0;-6.0;36.0;;
National_Speed_Skating_Oval;Beijing;40.015892;116.371414;2023-11-17;ISU_World_Cup_Speed_Skating_#2;1500m_Women_Division_B;CHN;1500;start;04:46:00;13.7;-9.0;28.0;;
National_Speed_Skating_Oval;Beijing;40.015892;116.371414;2023-11-17;ISU_World_Cup_Speed_Skating_#2;1500m_Women_Division_B;CHN;1500;end;05:31:00;13.7;-9.0;28.0;;
National_Speed_Skating_Oval;Beijing;40.015892;116.371414;2023-11-17;ISU_World_Cup_Speed_Skating_#2;1st_500m_Men_Division_B;CHN;500;start;05:42:00;13.7;-9.0;28.0;;
National_Speed_Skating_Oval;Beijing;40.015892;116.371414;2023-11-17;ISU_World_Cup_Speed_Skating_#2;1st_500m_Men_Division_B;CHN;500;end;06:02:00;13.7;-9.0;28.0;;
National_Speed_Skating_Oval;Beijing;40.015892;116.371414;2023-11-17;ISU_World_Cup_Speed_Skating_#2;1st_500m_Women_Division_B;CHN;500;start;06:19:00;13.7;-9.0;28.0;;
National_Speed_Skating_Oval;Beijing;40.015892;116.371414;2023-11-17;ISU_World_Cup_Speed_Skating_#2;1st_500m_Women_Division_B;CHN;500;end;06:38:00;13.7;-9.0;28.0;;
National_Speed_Skating_Oval;Beijing;40.015892;116.371414;2023-11-17;ISU_World_Cup_Speed_Skating_#2;1500m_Men_Division_B;CHN;1500;start;06:50:00;13.7;-9.0;28.0;;
National_Speed_Skating_Oval;Beijing;40.015892;116.371414;2023-11-17;ISU_World_Cup_Speed_Skating_#2;1500m_Men_Division_B;CHN;1500;end;07:38:00;13.7;-9.0;28.0;;
National_Speed_Skating_Oval;Beijing;40.015892;116.371414;2023-11-17;ISU_World_Cup_Speed_Skating_#2;1500m_Women_Division_A;CHN;1500;start;09:00:00;14.4;-9.6;28.0;;
National_Speed_Skating_Oval;Beijing;40.015892;116.371414;2023-11-17;ISU_World_Cup_Speed_Skating_#2;1500m_Women_Division_A;CHN;1500;end;09:37:00;14.4;-9.6;28.0;;
National_Speed_Skating_Oval;Beijing;40.015892;116.371414;2023-11-17;ISU_World_Cup_Speed_Skating_#2;1st_500m_Men_Division_A;CHN;500;start;09:42:00;14.4;-9.6;28.0;;
National_Speed_Skating_Oval;Beijing;40.015892;116.371414;2023-11-17;ISU_World_Cup_Speed_Skating_#2;1st_500m_Men_Division_A;CHN;500;end;10:04:00;14.4;-9.6;28.0;;
National_Speed_Skating_Oval;Beijing;40.015892;116.371414;2023-11-17;ISU_World_Cup_Speed_Skating_#2;1st_500m_Women_Division_A;CHN;500;start;10:21:00;14.5;-9.7;28.0;;
National_Speed_Skating_Oval;Beijing;40.015892;116.371414;2023-11-17;ISU_World_Cup_Speed_Skating_#2;1st_500m_Women_Division_A;CHN;500;end;10:46:00;14.5;-9.7;28.0;;
National_Speed_Skating_Oval;Beijing;40.015892;116.371414;2023-11-17;ISU_World_Cup_Speed_Skating_#2;1500m_Men_Division_A;CHN;1500;start;10:51:00;14.5;-9.7;28.0;;
National_Speed_Skating_Oval;Beijing;40.015892;116.371414;2023-11-17;ISU_World_Cup_Speed_Skating_#2;1500m_Men_Division_A;CHN;1500;end;11:27:00;14.5;-9.7;28.0;;
National_Speed_Skating_Oval;Beijing;40.015892;116.371414;2023-11-18;ISU_World_Cup_Speed_Skating_#2;1000m_Women_Division_B;CHN;1000;start;05:07:00;14.5;-9.7;28.0;;
National_Speed_Skating_Oval;Beijing;40.015892;116.371414;2023-11-18;ISU_World_Cup_Speed_Skating_#2;1000m_Women_Division_B;CHN;1000;end;05:36:00;14.5;-9.7;28.0;;
National_Speed_Skating_Oval;Beijing;40.015892;116.371414;2023-11-18;ISU_World_Cup_Speed_Skating_#2;2nd_500m_Men_Division_B;CHN;500;start;05:52:00;14.4;-9.4;30.0;;
National_Speed_Skating_Oval;Beijing;40.015892;116.371414;2023-11-18;ISU_World_Cup_Speed_Skating_#2;2nd_500m_Men_Division_B;CHN;500;end;06:18:00;14.4;-9.4;30.0;;
National_Speed_Skating_Oval;Beijing;40.015892;116.371414;2023-11-18;ISU_World_Cup_Speed_Skating_#2;5000m_Men_Division_B;CHN;5000;start;06:35:00;14.4;-9.4;30.0;;
National_Speed_Skating_Oval;Beijing;40.015892;116.371414;2023-11-18;ISU_World_Cup_Speed_Skating_#2;5000m_Men_Division_B;CHN;5000;end;07:52:00;14.4;-9.4;30.0;;
National_Speed_Skating_Oval;Beijing;40.015892;116.371414;2023-11-18;ISU_World_Cup_Speed_Skating_#2;1000m_Women_Division_A;CHN;1000;start;09:00:00;14.4;-9.4;30.0;;
National_Speed_Skating_Oval;Beijing;40.015892;116.371414;2023-11-18;ISU_World_Cup_Speed_Skating_#2;1000m_Women_Division_A;CHN;1000;end;09:27:00;14.4;-9.4;30.0;;
National_Speed_Skating_Oval;Beijing;40.015892;116.371414;2023-11-18;ISU_World_Cup_Speed_Skating_#2;2nd_500m_Men_Division_A;CHN;500;start;09:36:00;14.4;-9.4;30.0;;
National_Speed_Skating_Oval;Beijing;40.015892;116.371414;2023-11-18;ISU_World_Cup_Speed_Skating_#2;2nd_500m_Men_Division_A;CHN;500;end;09:58:00;14.4;-9.4;30.0;;
National_Speed_Skating_Oval;Beijing;40.015892;116.371414;2023-11-18;ISU_World_Cup_Speed_Skating_#2;5000m_Men_Division_A;CHN;5000;start;10:14:00;15.0;-10.2;31.4;;
National_Speed_Skating_Oval;Beijing;40.015892;116.371414;2023-11-18;ISU_World_Cup_Speed_Skating_#2;5000m_Men_Division_A;CHN;5000;end;11:18:00;15.0;-10.2;31.4;;
National_Speed_Skating_Oval;Beijing;40.015892;116.371414;2023-11-19;ISU_World_Cup_Speed_Skating_#2;2nd_500m_Women_Division_B;CHN;500;start;05:17:00;15.2;-9.7;32.5;;
National_Speed_Skating_Oval;Beijing;40.015892;116.371414;2023-11-19;ISU_World_Cup_Speed_Skating_#2;2nd_500m_Women_Division_B;CHN;500;end;05:36:00;15.2;-9.7;32.5;;
National_Speed_Skating_Oval;Beijing;40.015892;116.371414;2023-11-19;ISU_World_Cup_Speed_Skating_#2;1000m_Men_Division_B;CHN;1000;start;05:51:00;15.2;-9.7;32.5;;
National_Speed_Skating_Oval;Beijing;40.015892;116.371414;2023-11-19;ISU_World_Cup_Speed_Skating_#2;1000m_Men_Division_B;CHN;1000;end;06:28:00;15.2;-9.7;32.5;;
National_Speed_Skating_Oval;Beijing;40.015892;116.371414;2023-11-19;ISU_World_Cup_Speed_Skating_#2;3000m_Women_Division_B;CHN;3000;start;06:42:00;15.2;-9.7;32.5;;
National_Speed_Skating_Oval;Beijing;40.015892;116.371414;2023-11-19;ISU_World_Cup_Speed_Skating_#2;3000m_Women_Division_B;CHN;3000;end;07:19:00;15.2;-9.7;32.5;;
Stadio_del_Ghiaccio;Baselga_di_Piné;46.127161;11.251283;2023-11-25;ISU_Junior_World_Cup_Speed_Skating_#1;1000m_Women_Juniors;ITA;1000;start;08:45:00;4.1;-11.0;27.0;;
Stadio_del_Ghiaccio;Baselga_di_Piné;46.127161;11.251283;2023-11-25;ISU_Junior_World_Cup_Speed_Skating_#1;1000m_Women_Juniors;ITA;1000;end;09:21:00;4.1;-11.0;27.0;;
Stadio_del_Ghiaccio;Baselga_di_Piné;46.127161;11.251283;2023-11-25;ISU_Junior_World_Cup_Speed_Skating_#1;1000m_Men_Juniors;ITA;1000;start;09:42:00;4.2;-11.0;27.0;;
Stadio_del_Ghiaccio;Baselga_di_Piné;46.127161;11.251283;2023-11-25;ISU_Junior_World_Cup_Speed_Skating_#1;1000m_Men_Juniors;ITA;1000;end;10:21:00;4.2;-11.0;27.0;;
Stadio_del_Ghiaccio;Baselga_di_Piné;46.127161;11.251283;2023-11-25;ISU_Junior_World_Cup_Speed_Skating_#1;1000m_Women_Neo-seniors;ITA;1000;start;10:45:00;4.2;-11.0;32.0;;
Stadio_del_Ghiaccio;Baselga_di_Piné;46.127161;11.251283;2023-11-25;ISU_Junior_World_Cup_Speed_Skating_#1;1000m_Women_Neo-seniors;ITA;1000;end;10:59:00;4.2;-11.0;32.0;;
Stadio_del_Ghiaccio;Baselga_di_Piné;46.127161;11.251283;2023-11-25;ISU_Junior_World_Cup_Speed_Skating_#1;1000m_Men_Neo-seniors;ITA;1000;start;11:04:00;4.2;-11.0;32.0;;
Stadio_del_Ghiaccio;Baselga_di_Piné;46.127161;11.251283;2023-11-25;ISU_Junior_World_Cup_Speed_Skating_#1;1000m_Men_Neo-seniors;ITA;1000;end;11:20:00;4.2;-11.0;31.0;;
Stadio_del_Ghiaccio;Baselga_di_Piné;46.127161;11.251283;2023-11-25;ISU_Junior_World_Cup_Speed_Skating_#1;3000m_Women_Juniors;ITA;3000;start;11:45:00;4.2;-11.0;31.0;;
Stadio_del_Ghiaccio;Baselga_di_Piné;46.127161;11.251283;2023-11-25;ISU_Junior_World_Cup_Speed_Skating_#1;3000m_Women_Juniors;ITA;3000;end;12:25:00;4.2;-11.0;33.0;;
Stadio_del_Ghiaccio;Baselga_di_Piné;46.127161;11.251283;2023-11-25;ISU_Junior_World_Cup_Speed_Skating_#1;3000m_Men_Juniors;ITA;3000;start;12:36:00;4.2;-11.0;29.0;;
Stadio_del_Ghiaccio;Baselga_di_Piné;46.127161;11.251283;2023-11-25;ISU_Junior_World_Cup_Speed_Skating_#1;3000m_Men_Juniors;ITA;3000;end;13:23:00;4.2;-11.0;30.0;;
Stadio_del_Ghiaccio;Baselga_di_Piné;46.127161;11.251283;2023-11-25;ISU_Junior_World_Cup_Speed_Skating_#1;3000m_Women_Neo-seniors;ITA;3000;start;13:38:00;4.2;-11.0;30.0;;
Stadio_del_Ghiaccio;Baselga_di_Piné;46.127161;11.251283;2023-11-25;ISU_Junior_World_Cup_Speed_Skating_#1;3000m_Women_Neo-seniors;ITA;3000;end;13:57:00;4.2;-11.0;30.0;;
Stadio_del_Ghiaccio;Baselga_di_Piné;46.127161;11.251283;2023-11-25;ISU_Junior_World_Cup_Speed_Skating_#1;3000m_Men_Neo-seniors;ITA;3000;start;14:05:00;4.2;-11.0;30.0;;
Stadio_del_Ghiaccio;Baselga_di_Piné;46.127161;11.251283;2023-11-25;ISU_Junior_World_Cup_Speed_Skating_#1;3000m_Men_Neo-seniors;ITA;3000;end;14:30:00;4.2;-11.0;30.0;;
Stadio_del_Ghiaccio;Baselga_di_Piné;46.127161;11.251283;2023-11-26;ISU_Junior_World_Cup_Speed_Skating_#1;500m_Women_Juniors;ITA;500;start;09:46:00;4.7;-11.0;35.0;;
Stadio_del_Ghiaccio;Baselga_di_Piné;46.127161;11.251283;2023-11-26;ISU_Junior_World_Cup_Speed_Skating_#1;500m_Women_Juniors;ITA;500;end;10:25:00;4.7;-11.0;35.0;;
Stadio_del_Ghiaccio;Baselga_di_Piné;46.127161;11.251283;2023-11-26;ISU_Junior_World_Cup_Speed_Skating_#1;500m_Men_Juniors;ITA;500;start;10:50:00;4.7;-11.0;35.0;;
Stadio_del_Ghiaccio;Baselga_di_Piné;46.127161;11.251283;2023-11-26;ISU_Junior_World_Cup_Speed_Skating_#1;500m_Men_Juniors;ITA;500;end;11:27:00;5.7;-11.0;34.0;;
Stadio_del_Ghiaccio;Baselga_di_Piné;46.127161;11.251283;2023-11-26;ISU_Junior_World_Cup_Speed_Skating_#1;500m_Women_Neo-seniors;ITA;500;start;11:55:00;5.8;-11.0;33.0;;
Stadio_del_Ghiaccio;Baselga_di_Piné;46.127161;11.251283;2023-11-26;ISU_Junior_World_Cup_Speed_Skating_#1;500m_Women_Neo-seniors;ITA;500;end;12:05:00;5.8;-11.0;33.0;;
Stadio_del_Ghiaccio;Baselga_di_Piné;46.127161;11.251283;2023-11-26;ISU_Junior_World_Cup_Speed_Skating_#1;500m_Men_Neo-seniors;ITA;500;start;12:14:00;5.9;-11.0;32.0;;
Stadio_del_Ghiaccio;Baselga_di_Piné;46.127161;11.251283;2023-11-26;ISU_Junior_World_Cup_Speed_Skating_#1;500m_Men_Neo-seniors;ITA;500;end;12:29:00;5.9;-11.0;32.0;;
Stadio_del_Ghiaccio;Baselga_di_Piné;46.127161;11.251283;2023-11-26;ISU_Junior_World_Cup_Speed_Skating_#1;1500m_Women_Juniors;ITA;1500;start;12:49:00;5.9;-11.0;32.0;;
Stadio_del_Ghiaccio;Baselga_di_Piné;46.127161;11.251283;2023-11-26;ISU_Junior_World_Cup_Speed_Skating_#1;1500m_Women_Juniors;ITA;1500;end;13:26:00;5.7;-11.0;33.0;;
Stadio_del_Ghiaccio;Baselga_di_Piné;46.127161;11.251283;2023-11-26;ISU_Junior_World_Cup_Speed_Skating_#1;1500m_Men_Juniors;ITA;1500;start;13:49:00;4.8;-11.0;34.0;;
Stadio_del_Ghiaccio;Baselga_di_Piné;46.127161;11.251283;2023-11-26;ISU_Junior_World_Cup_Speed_Skating_#1;1500m_Men_Juniors;ITA;1500;end;14:28:00;4.2;-11.0;36.0;;
Stadio_del_Ghiaccio;Baselga_di_Piné;46.127161;11.251283;2023-11-26;ISU_Junior_World_Cup_Speed_Skating_#1;1500m_Women_Neo-seniors;ITA;1500;start;14:56:00;3.8;-11.0;37.0;;
Stadio_del_Ghiaccio;Baselga_di_Piné;46.127161;11.251283;2023-11-26;ISU_Junior_World_Cup_Speed_Skating_#1;1500m_Women_Neo-seniors;ITA;1500;end;15:11:00;3.5;-11.0;38.0;;
Stadio_del_Ghiaccio;Baselga_di_Piné;46.127161;11.251283;2023-11-26;ISU_Junior_World_Cup_Speed_Skating_#1;1500m_Men_Neo-seniors;ITA;1500;start;15:18:00;3.4;-11.0;38.0;;
Stadio_del_Ghiaccio;Baselga_di_Piné;46.127161;11.251283;2023-11-26;ISU_Junior_World_Cup_Speed_Skating_#1;1500m_Men_Neo-seniors;ITA;1500;end;15:35:00;3.2;-11.0;38.0;;
Meiji_Hokkaido-Tokachi_Oval;Obihiro;42.894725;143.140329;2023-11-10;ISU_World_Cup_Speed_Skating_#1;1st_500m_Women_Division_B;JPN;500;start;01:37:00;17.0;-8.0;40.0;;
Meiji_Hokkaido-Tokachi_Oval;Obihiro;42.894725;143.140329;2023-11-10;ISU_World_Cup_Speed_Skating_#1;1st_500m_Women_Division_B;JPN;500;end;01:56:00;17.0;-8.0;40.0;;
Meiji_Hokkaido-Tokachi_Oval;Obihiro;42.894725;143.140329;2023-11-10;ISU_World_Cup_Speed_Skating_#1;1st_500m_Men_Division_B;JPN;500;start;02:10:00;17.0;-8.0;40.0;;
Meiji_Hokkaido-Tokachi_Oval;Obihiro;42.894725;143.140329;2023-11-10;ISU_World_Cup_Speed_Skating_#1;1st_500m_Men_Division_B;JPN;500;end;02:30:00;17.0;-8.0;40.0;;
Meiji_Hokkaido-Tokachi_Oval;Obihiro;42.894725;143.140329;2023-11-10;ISU_World_Cup_Speed_Skating_#1;1000m_Women_Division_B;JPN;1000;start;02:45:00;14.4;-8.2;42.5;;
Meiji_Hokkaido-Tokachi_Oval;Obihiro;42.894725;143.140329;2023-11-10;ISU_World_Cup_Speed_Skating_#1;1000m_Men_Division_B;JPN;1000;start;03:27:00;14.7;-8.0;40.0;;
Meiji_Hokkaido-Tokachi_Oval;Obihiro;42.894725;143.140329;2023-11-10;ISU_World_Cup_Speed_Skating_#1;1000m_Men_Division_B;JPN;1000;end;04:00:00;14.7;-8.0;40.0;;
Meiji_Hokkaido-Tokachi_Oval;Obihiro;42.894725;143.140329;2023-11-10;ISU_World_Cup_Speed_Skating_#1;1st_500m_Women_Division_A;JPN;500;start;05:30:00;15.2;-8.0;40.4;;
Meiji_Hokkaido-Tokachi_Oval;Obihiro;42.894725;143.140329;2023-11-10;ISU_World_Cup_Speed_Skating_#1;1st_500m_Men_Division_A;JPN;500;start;06:00:00;15.2;-8.0;40.4;;
Meiji_Hokkaido-Tokachi_Oval;Obihiro;42.894725;143.140329;2023-11-10;ISU_World_Cup_Speed_Skating_#1;1st_500m_Men_Division_A;JPN;500;end;06:21:00;15.2;-8.0;40.4;;
Meiji_Hokkaido-Tokachi_Oval;Obihiro;42.894725;143.140329;2023-11-10;ISU_World_Cup_Speed_Skating_#1;1000m_Women_Division_A;JPN;1000;start;06:39:00;15.3;-7.8;42.1;;
Meiji_Hokkaido-Tokachi_Oval;Obihiro;42.894725;143.140329;2023-11-10;ISU_World_Cup_Speed_Skating_#1;1000m_Women_Division_A;JPN;1000;end;07:05:00;15.3;-7.8;42.1;;
Meiji_Hokkaido-Tokachi_Oval;Obihiro;42.894725;143.140329;2023-11-10;ISU_World_Cup_Speed_Skating_#1;1000m_Men_Division_A;JPN;1000;start;07:14:00;15.3;-7.8;42.1;;
Meiji_Hokkaido-Tokachi_Oval;Obihiro;42.894725;143.140329;2023-11-11;ISU_World_Cup_Speed_Skating_#1;2nd_500m_Women_Division_B;JPN;500;start;01:32:00;16.2;-8.1;47.1;;
Meiji_Hokkaido-Tokachi_Oval;Obihiro;42.894725;143.140329;2023-11-11;ISU_World_Cup_Speed_Skating_#1;2nd_500m_Women_Division_B;JPN;500;end;01:54:00;16.2;-8.1;47.1;;
Meiji_Hokkaido-Tokachi_Oval;Obihiro;42.894725;143.140329;2023-11-11;ISU_World_Cup_Speed_Skating_#1;1500m_Men_Division_B;JPN;1500;start;02:04:00;15.3;-8.1;36.9;;
Meiji_Hokkaido-Tokachi_Oval;Obihiro;42.894725;143.140329;2023-11-11;ISU_World_Cup_Speed_Skating_#1;1500m_Men_Division_B;JPN;1500;end;02:52:00;15.3;-8.1;36.9;;
Meiji_Hokkaido-Tokachi_Oval;Obihiro;42.894725;143.140329;2023-11-11;ISU_World_Cup_Speed_Skating_#1;1500m_Women_Division_B;JPN;1500;start;03:08:00;15.3;-8.3;36.4;;
Meiji_Hokkaido-Tokachi_Oval;Obihiro;42.894725;143.140329;2023-11-11;ISU_World_Cup_Speed_Skating_#1;1500m_Women_Division_B;JPN;1500;end;03:40:00;15.3;-8.3;36.4;;
Meiji_Hokkaido-Tokachi_Oval;Obihiro;42.894725;143.140329;2023-11-11;ISU_World_Cup_Speed_Skating_#1;2nd_500m_Women_Division_A;JPN;500;start;05:30:00;15.5;-7.7;34.8;;
Meiji_Hokkaido-Tokachi_Oval;Obihiro;42.894725;143.140329;2023-11-11;ISU_World_Cup_Speed_Skating_#1;2nd_500m_Women_Division_A;JPN;500;end;05:52:00;15.5;-7.7;34.8;;
Meiji_Hokkaido-Tokachi_Oval;Obihiro;42.894725;143.140329;2023-11-11;ISU_World_Cup_Speed_Skating_#1;1500m_Men_Division_A;JPN;1500;start;06:00:00;15.5;-7.7;34.8;;
Meiji_Hokkaido-Tokachi_Oval;Obihiro;42.894725;143.140329;2023-11-11;ISU_World_Cup_Speed_Skating_#1;1500m_Men_Division_A;JPN;1500;end;06:32:00;15.5;-7.7;34.8;;
Meiji_Hokkaido-Tokachi_Oval;Obihiro;42.894725;143.140329;2023-11-11;ISU_World_Cup_Speed_Skating_#1;1500m_Women_Division_A;JPN;1500;start;06:46:00;15.5;-7.7;34.8;;
Meiji_Hokkaido-Tokachi_Oval;Obihiro;42.894725;143.140329;2023-11-11;ISU_World_Cup_Speed_Skating_#1;1500m_Women_Division_A;JPN;1500;end;07:20:00;15.6;-7.5;34.9;;
Meiji_Hokkaido-Tokachi_Oval;Obihiro;42.894725;143.140329;2023-11-12;ISU_World_Cup_Speed_Skating_#1;2nd_500m_Men_Division_B;JPN;500;start;01:32:00;15.0;-8.0;30.6;;
Meiji_Hokkaido-Tokachi_Oval;Obihiro;42.894725;143.140329;2023-11-12;ISU_World_Cup_Speed_Skating_#1;2nd_500m_Men_Division_B;JPN;500;end;01:58:00;15.0;-8.0;30.6;;
Meiji_Hokkaido-Tokachi_Oval;Obihiro;42.894725;143.140329;2023-11-12;ISU_World_Cup_Speed_Skating_#1;3000m_Women_Division_B;JPN;3000;start;02:10:00;15.0;-8.0;30.6;;
Meiji_Hokkaido-Tokachi_Oval;Obihiro;42.894725;143.140329;2023-11-12;ISU_World_Cup_Speed_Skating_#1;3000m_Women_Division_B;JPN;3000;end;02:46:00;15.0;-8.0;30.6;;
Meiji_Hokkaido-Tokachi_Oval;Obihiro;42.894725;143.140329;2023-11-12;ISU_World_Cup_Speed_Skating_#1;5000m_Men_Division_B;JPN;5000;start;02:51:00;15.0;-8.0;30.6;;
Meiji_Hokkaido-Tokachi_Oval;Obihiro;42.894725;143.140329;2023-11-12;ISU_World_Cup_Speed_Skating_#1;5000m_Men_Division_B;JPN;5000;end;04:09:00;15.0;-8.1;30.6;;
Meiji_Hokkaido-Tokachi_Oval;Obihiro;42.894725;143.140329;2023-11-12;ISU_World_Cup_Speed_Skating_#1;3000m_Women_Division_A;JPN;3000;start;06:04:00;15.8;-8.2;26.6;;
Meiji_Hokkaido-Tokachi_Oval;Obihiro;42.894725;143.140329;2023-11-12;ISU_World_Cup_Speed_Skating_#1;3000m_Women_Division_A;JPN;3000;end;06:48:00;15.8;-8.2;26.6;;
Meiji_Hokkaido-Tokachi_Oval;Obihiro;42.894725;143.140329;2023-11-12;ISU_World_Cup_Speed_Skating_#1;5000m_Men_Division_A;JPN;5000;start;07:05:00;15.8;-8.1;26.6;;
Meiji_Hokkaido-Tokachi_Oval;Obihiro;42.894725;143.140329;2023-11-12;ISU_World_Cup_Speed_Skating_#1;5000m_Men_Division_A;JPN;5000;end;08:07:00;15.8;-8.1;26.6;;
Arena_Lodowa;Tomaszów_Mazowiecki;51.519527;20.027900;2023-02-17;ISU_World_Cup_Speed_Skating_#6;1500m_Men_Division_B;POL;1500;start;12:40:00;14.1;-7.0;33.0;;
Arena_Lodowa;Tomaszów_Mazowiecki;51.519527;20.027900;2023-02-17;ISU_World_Cup_Speed_Skating_#6;1500m_Men_Division_B;POL;1500;end;13:08:00;14.1;-7.0;33.0;;
Arena_Lodowa;Tomaszów_Mazowiecki;51.519527;20.027900;2023-02-17;ISU_World_Cup_Speed_Skating_#6;500m_Women_Division_B;POL;500;start;13:34:00;14.3;-7.2;33.0;;
Arena_Lodowa;Tomaszów_Mazowiecki;51.519527;20.027900;2023-02-17;ISU_World_Cup_Speed_Skating_#6;500m_Women_Division_B;POL;500;end;13:48:00;14.2;-7.2;33.0;;
Arena_Lodowa;Tomaszów_Mazowiecki;51.519527;20.027900;2023-02-17;ISU_World_Cup_Speed_Skating_#6;3000m_Women_Division_B;POL;3000;start;13:59:00;14.1;-7.4;34.0;;
Arena_Lodowa;Tomaszów_Mazowiecki;51.519527;20.027900;2023-02-17;ISU_World_Cup_Speed_Skating_#6;3000m_Women_Division_B;POL;3000;end;14:34:00;14.1;-7.4;36.0;;
Arena_Lodowa;Tomaszów_Mazowiecki;51.519527;20.027900;2023-02-17;ISU_World_Cup_Speed_Skating_#6;1500m_Men_Division_A;POL;1500;start;16:00:00;14.0;-7.2;36.0;;
Arena_Lodowa;Tomaszów_Mazowiecki;51.519527;20.027900;2023-02-17;ISU_World_Cup_Speed_Skating_#6;1500m_Men_Division_A;POL;1500;end;16:34:00;14.0;-7.2;36.0;;
Arena_Lodowa;Tomaszów_Mazowiecki;51.519527;20.027900;2023-02-17;ISU_World_Cup_Speed_Skating_#6;500m_Women_Division_A;POL;500;start;16:40:00;14.2;-7.2;36.0;;
Arena_Lodowa;Tomaszów_Mazowiecki;51.519527;20.027900;2023-02-17;ISU_World_Cup_Speed_Skating_#6;500m_Women_Division_A;POL;500;end;17:00:00;14.3;-7.2;36.0;;
Arena_Lodowa;Tomaszów_Mazowiecki;51.519527;20.027900;2023-02-17;ISU_World_Cup_Speed_Skating_#6;3000m_Women_Division_A;POL;3000;start;17:19:00;14.3;-7.2;36.0;;
Arena_Lodowa;Tomaszów_Mazowiecki;51.519527;20.027900;2023-02-17;ISU_World_Cup_Speed_Skating_#6;3000m_Women_Division_A;POL;3000;end;18:03:00;14.3;-7.2;36.0;;
Arena_Lodowa;Tomaszów_Mazowiecki;51.519527;20.027900;2023-02-18;ISU_World_Cup_Speed_Skating_#6;1500m_Women_Division_B;POL;1500;start;09:20:00;13.6;-7.4;34.0;;
Arena_Lodowa;Tomaszów_Mazowiecki;51.519527;20.027900;2023-02-18;ISU_World_Cup_Speed_Skating_#6;1500m_Women_Division_B;POL;1500;end;09:40:00;13.6;-7.4;34.0;;
Arena_Lodowa;Tomaszów_Mazowiecki;51.519527;20.027900;2023-02-18;ISU_World_Cup_Speed_Skating_#6;500m_Men_Division_B;POL;500;start;09:51:00;13.7;-7.4;34.0;;
Arena_Lodowa;Tomaszów_Mazowiecki;51.519527;20.027900;2023-02-18;ISU_World_Cup_Speed_Skating_#6;500m_Men_Division_B;POL;500;end;10:12:00;13.6;-7.4;34.0;;
Arena_Lodowa;Tomaszów_Mazowiecki;51.519527;20.027900;2023-02-18;ISU_World_Cup_Speed_Skating_#6;5000m_Men_Division_B;POL;5000;start;10:31:00;13.5;-7.4;34.0;;
Arena_Lodowa;Tomaszów_Mazowiecki;51.519527;20.027900;2023-02-18;ISU_World_Cup_Speed_Skating_#6;5000m_Men_Division_B;POL;5000;end;11:28:00;12.8;-7.4;34.0;;
Arena_Lodowa;Tomaszów_Mazowiecki;51.519527;20.027900;2023-02-18;ISU_World_Cup_Speed_Skating_#6;1500m_Women_Division_A;POL;1500;start;12:45:00;12.8;-6.9;34.0;;
Arena_Lodowa;Tomaszów_Mazowiecki;51.519527;20.027900;2023-02-18;ISU_World_Cup_Speed_Skating_#6;1500m_Women_Division_A;POL;1500;end;13:17:00;13.4;-6.9;34.0;;
Arena_Lodowa;Tomaszów_Mazowiecki;51.519527;20.027900;2023-02-18;ISU_World_Cup_Speed_Skating_#6;500m_Men_Division_A;POL;500;start;13:26:00;13.4;-7.2;33.0;;
Arena_Lodowa;Tomaszów_Mazowiecki;51.519527;20.027900;2023-02-18;ISU_World_Cup_Speed_Skating_#6;500m_Men_Division_A;POL;500;end;13:47:00;13.6;-7.2;33.0;;
Arena_Lodowa;Tomaszów_Mazowiecki;51.519527;20.027900;2023-02-18;ISU_World_Cup_Speed_Skating_#6;5000m_Men_Division_A;POL;5000;start;14:07:00;13.6;-7.2;33.0;;
Arena_Lodowa;Tomaszów_Mazowiecki;51.519527;20.027900;2023-02-18;ISU_World_Cup_Speed_Skating_#6;5000m_Men_Division_A;POL;5000;end;15:08:00;13.8;-7.2;33.0;;
Arena_Lodowa;Tomaszów_Mazowiecki;51.519527;20.027900;2023-02-19;ISU_World_Cup_Speed_Skating_#6;1000m_Women_Division_B;POL;1000;start;10:25:00;13.3;-7.3;34.0;;
Arena_Lodowa;Tomaszów_Mazowiecki;51.519527;20.027900;2023-02-19;ISU_World_Cup_Speed_Skating_#6;1000m_Women_Division_B;POL;1000;end;10:52:00;13.3;-7.4;34.0;;
Arena_Lodowa;Tomaszów_Mazowiecki;51.519527;20.027900;2023-02-19;ISU_World_Cup_Speed_Skating_#6;1000m_Men_Division_B;POL;1000;start;10:55:00;13.3;-7.4;34.0;;
Arena_Lodowa;Tomaszów_Mazowiecki;51.519527;20.027900;2023-02-19;ISU_World_Cup_Speed_Skating_#6;1000m_Men_Division_B;POL;1000;end;11:22:00;13.3;-7.4;34.0;;
Arena_Lodowa;Tomaszów_Mazowiecki;51.519527;20.027900;2023-02-19;ISU_World_Cup_Speed_Skating_#6;1000m_Women_Division_A;POL;1000;start;14:02:00;14.0;-7.4;34.0;;
Arena_Lodowa;Tomaszów_Mazowiecki;51.519527;20.027900;2023-02-19;ISU_World_Cup_Speed_Skating_#6;1000m_Women_Division_A;POL;1000;end;14:27:00;14.1;-7.4;34.0;;
Arena_Lodowa;Tomaszów_Mazowiecki;51.519527;20.027900;2023-02-19;ISU_World_Cup_Speed_Skating_#6;1000m_Men_Division_A;POL;1000;start;14:37:00;14.0;-7.4;34.0;;
